,name,diff,img
0,Bezos,97.767288631,https://upload.wikimedia.org/wikipedia/commons/3/3a/Cat03.jpg
1,musk,146.124600634,https://img.hbvl.be/REwD18jQsYUmlvHWH25QdMRaHz4=/1280x853/smart/https%3A%2F%2Fstatic.hbvl.be%2FAssets%2FImages_Upload%2F2021%2F10%2F06%2F0a046efa-ecd7-4949-a6d7-12b96a37d12b.jpg
2,zuck,73.420364795,
3,evict,1.0,
4,evict,1.0,
5,evict,1.0,
6,evict,1.0,
7,evict,1.0,
8,evict,1.0,
9,evict,1.0,
10,evict,1.0,
11,evict,1.0,
12,evict,1.0,
13,evict,1.0,
14,evict,1.0,
15,evict,1.0,
16,evict,1.0,
17,evict,1.0,
18,evict,1.0,
19,evict,1.0,
20,evict,1.0,
21,evict,1.0,
22,evict,1.0,
23,evict,1.0,
24,evict,1.0,
25,evict,1.0,
26,evict,1.0,
27,evict,1.0,
28,evict,1.0,
29,evict,1.0,
30,evict,1.0,
31,evict,1.0,
32,evict,1.0,
33,evict,1.0,
34,evict,1.0,
35,evict,1.0,
36,evict,1.0,
37,evict,1.0,
38,evict,1.0,
39,evict,1.0,
40,evict,1.0,
41,evict,1.0,
42,evict,1.0,
43,evict,1.0,
44,evict,1.0,
45,evict,1.0,
46,evict,1.0,
47,evict,1.0,
48,evict,1.0,
49,evict,1.0,
50,evict,1.0,
51,evict,1.0,
52,evict,1.0,
53,evict,1.0,
54,evict,1.0,
55,evict,1.0,
56,evict,1.0,
57,evict,1.0,
58,evict,1.0,
59,evict,1.0,
60,evict,1.0,
61,evict,1.0,
62,evict,1.0,
63,evict,1.0,
64,evict,1.0,
65,evict,1.0,
66,evict,1.0,
67,evict,1.0,
68,evict,1.0,
69,evict,1.0,
70,evict,1.0,
71,evict,1.0,
72,evict,1.0,
73,evict,1.0,
74,evict,1.0,
75,evict,1.0,
76,evict,1.0,
77,evict,1.0,
78,evict,1.0,
79,evict,1.0,
80,evict,1.0,
81,evict,1.0,
82,evict,1.0,
83,evict,1.0,
84,evict,1.0,
85,evict,1.0,
86,evict,1.0,
87,evict,1.0,
88,evict,1.0,
89,evict,1.0,
90,evict,1.0,
91,evict,1.0,
92,evict,1.0,
93,evict,1.0,
94,evict,1.0,
95,evict,1.0,
96,evict,1.0,
97,evict,1.0,
98,evict,1.0,
99,evict,1.0,
100,evict,1.0,
101,evict,1.0,
102,evict,1.0,
103,evict,1.0,
104,evict,1.0,
105,evict,1.0,
106,evict,1.0,
107,evict,1.0,
108,evict,1.0,
109,evict,1.0,
110,evict,1.0,
111,evict,1.0,
112,evict,1.0,
113,evict,1.0,
114,evict,1.0,
115,evict,1.0,
116,evict,1.0,
117,evict,1.0,
118,evict,1.0,
119,evict,1.0,
120,evict,1.0,
121,evict,1.0,
122,evict,1.0,
123,evict,1.0,
124,evict,1.0,
125,evict,1.0,
126,evict,1.0,
127,evict,1.0,
128,evict,1.0,
129,evict,1.0,
130,evict,1.0,
131,evict,1.0,
132,evict,1.0,
133,evict,1.0,
134,evict,1.0,
135,evict,1.0,
136,evict,1.0,
137,evict,1.0,
138,evict,1.0,
139,evict,1.0,
140,evict,1.0,
141,evict,1.0,
142,evict,1.0,
143,evict,1.0,
144,evict,1.0,
145,evict,1.0,
146,evict,1.0,
147,evict,1.0,
148,evict,1.0,
149,evict,1.0,
150,evict,1.0,
151,evict,1.0,
152,evict,1.0,
153,evict,1.0,
154,evict,1.0,
155,evict,1.0,
156,evict,1.0,
157,evict,1.0,
158,evict,1.0,
159,evict,1.0,
160,evict,1.0,
161,evict,1.0,
162,evict,1.0,
163,evict,1.0,
164,evict,1.0,
165,evict,1.0,
166,evict,1.0,
167,evict,1.0,
168,evict,1.0,
169,evict,1.0,
170,evict,1.0,
171,evict,1.0,
172,evict,1.0,
173,evict,1.0,
174,evict,1.0,
175,evict,1.0,
176,evict,1.0,
177,evict,1.0,
178,evict,1.0,
179,evict,1.0,
180,evict,1.0,
181,evict,1.0,
182,evict,1.0,
183,evict,1.0,
184,evict,1.0,
185,evict,1.0,
186,evict,1.0,
187,evict,1.0,
188,evict,1.0,
189,evict,1.0,
190,evict,1.0,
191,evict,1.0,
192,evict,1.0,
193,evict,1.0,
194,evict,1.0,
195,evict,1.0,
196,evict,1.0,
197,evict,1.0,
198,evict,1.0,
199,evict,1.0,
200,evict,1.0,
201,evict,1.0,
202,evict,1.0,
203,evict,1.0,
204,evict,1.0,
205,evict,1.0,
206,evict,1.0,
207,evict,1.0,
208,evict,1.0,
209,evict,1.0,
210,evict,1.0,
211,evict,1.0,
212,evict,1.0,
213,evict,1.0,
214,evict,1.0,
215,evict,1.0,
216,evict,1.0,
217,evict,1.0,
218,evict,1.0,
219,evict,1.0,
220,evict,1.0,
221,evict,1.0,
222,evict,1.0,
223,evict,1.0,
224,evict,1.0,
225,evict,1.0,
226,evict,1.0,
227,evict,1.0,
228,evict,1.0,
229,evict,1.0,
230,evict,1.0,
231,evict,1.0,
232,evict,1.0,
233,evict,1.0,
234,evict,1.0,
235,evict,1.0,
236,evict,1.0,
237,evict,1.0,
238,evict,1.0,
239,evict,1.0,
240,evict,1.0,
241,evict,1.0,
242,evict,1.0,
243,evict,1.0,
244,evict,1.0,
245,evict,1.0,
246,evict,1.0,
247,evict,1.0,
248,evict,1.0,
249,evict,1.0,
250,evict,1.0,
251,evict,1.0,
252,evict,1.0,
253,evict,1.0,
254,evict,1.0,
255,evict,1.0,
256,evict,1.0,
257,evict,1.0,
258,evict,1.0,
259,evict,1.0,
260,evict,1.0,
261,evict,1.0,
262,evict,1.0,
263,evict,1.0,
264,evict,1.0,
265,evict,1.0,
266,evict,1.0,
267,evict,1.0,
268,evict,1.0,
269,evict,1.0,
270,evict,1.0,
271,evict,1.0,
272,evict,1.0,
273,evict,1.0,
274,evict,1.0,
275,evict,1.0,
276,evict,1.0,
277,evict,1.0,
278,evict,1.0,
279,evict,1.0,
280,evict,1.0,
281,evict,1.0,
282,evict,1.0,
283,evict,1.0,
284,evict,1.0,
285,evict,1.0,
286,evict,1.0,
287,evict,1.0,
288,evict,1.0,
289,evict,1.0,
290,evict,1.0,
291,evict,1.0,
292,evict,1.0,
293,evict,1.0,
294,evict,1.0,
295,evict,1.0,
296,evict,1.0,
297,evict,1.0,
298,evict,1.0,
299,evict,1.0,
300,evict,1.0,
301,evict,1.0,
302,evict,1.0,
303,evict,1.0,
304,evict,1.0,
305,evict,1.0,
306,evict,1.0,
307,evict,1.0,
308,evict,1.0,
309,evict,1.0,
310,evict,1.0,
311,evict,1.0,
312,evict,1.0,
313,evict,1.0,
314,evict,1.0,
315,evict,1.0,
316,evict,1.0,
317,evict,1.0,
318,evict,1.0,
319,evict,1.0,
320,evict,1.0,
321,evict,1.0,
322,evict,1.0,
323,evict,1.0,
324,evict,1.0,
325,evict,1.0,
326,evict,1.0,
327,evict,1.0,
328,evict,1.0,
329,evict,1.0,
330,evict,1.0,
331,evict,1.0,
332,evict,1.0,
333,evict,1.0,
334,evict,1.0,
335,evict,1.0,
336,evict,1.0,
337,evict,1.0,
338,evict,1.0,
339,evict,1.0,
340,evict,1.0,
341,evict,1.0,
342,evict,1.0,
343,evict,1.0,
344,evict,1.0,
345,evict,1.0,
346,evict,1.0,
347,evict,1.0,
348,evict,1.0,
349,evict,1.0,
350,evict,1.0,
351,evict,1.0,
352,evict,1.0,
353,evict,1.0,
354,evict,1.0,
355,evict,1.0,
356,evict,1.0,
357,evict,1.0,
358,evict,1.0,
359,evict,1.0,
360,evict,1.0,
361,evict,1.0,
362,evict,1.0,
363,evict,1.0,
364,evict,1.0,
365,evict,1.0,
366,evict,1.0,
367,evict,1.0,
368,evict,1.0,
369,evict,1.0,
370,evict,1.0,
371,evict,1.0,
372,evict,1.0,
373,evict,1.0,
374,evict,1.0,
375,evict,1.0,
376,evict,1.0,
377,evict,1.0,
378,evict,1.0,
379,evict,1.0,
380,evict,1.0,
381,evict,1.0,
382,evict,1.0,
383,evict,1.0,
384,evict,1.0,
385,evict,1.0,
386,evict,1.0,
387,evict,1.0,
388,evict,1.0,
389,evict,1.0,
390,evict,1.0,
391,evict,1.0,
392,evict,1.0,
393,evict,1.0,
394,evict,1.0,
395,evict,1.0,
396,evict,1.0,
397,evict,1.0,
398,evict,1.0,
399,evict,1.0,
400,evict,1.0,
401,evict,1.0,
402,evict,1.0,
403,evict,1.0,
404,evict,1.0,
405,evict,1.0,
406,evict,1.0,
407,evict,1.0,
408,evict,1.0,
409,evict,1.0,
410,evict,1.0,
411,evict,1.0,
412,evict,1.0,
413,evict,1.0,
414,evict,1.0,
415,evict,1.0,
416,evict,1.0,
417,evict,1.0,
418,evict,1.0,
419,evict,1.0,
420,evict,1.0,
421,evict,1.0,
422,evict,1.0,
423,evict,1.0,
424,evict,1.0,
425,evict,1.0,
426,evict,1.0,
427,evict,1.0,
428,evict,1.0,
429,evict,1.0,
430,evict,1.0,
431,evict,1.0,
432,evict,1.0,
433,evict,1.0,
434,evict,1.0,
435,evict,1.0,
436,evict,1.0,
437,evict,1.0,
438,evict,1.0,
439,evict,1.0,
440,evict,1.0,
441,evict,1.0,
442,evict,1.0,
443,evict,1.0,
444,evict,1.0,
445,evict,1.0,
446,evict,1.0,
447,evict,1.0,
448,evict,1.0,
449,evict,1.0,
450,evict,1.0,
451,evict,1.0,
452,evict,1.0,
453,evict,1.0,
454,evict,1.0,
455,evict,1.0,
456,evict,1.0,
457,evict,1.0,
458,evict,1.0,
459,evict,1.0,
460,evict,1.0,
461,evict,1.0,
462,evict,1.0,
463,evict,1.0,
464,evict,1.0,
465,evict,1.0,
466,evict,1.0,
467,evict,1.0,
468,evict,1.0,
469,evict,1.0,
470,evict,1.0,
471,evict,1.0,
472,evict,1.0,
473,evict,1.0,
474,evict,1.0,
475,evict,1.0,
476,evict,1.0,
477,evict,1.0,
478,evict,1.0,
479,evict,1.0,
480,evict,1.0,
481,evict,1.0,
482,evict,1.0,
483,evict,1.0,
484,evict,1.0,
485,evict,1.0,
486,evict,1.0,
487,evict,1.0,
488,evict,1.0,
489,evict,1.0,
490,evict,1.0,
491,evict,1.0,
492,evict,1.0,
493,evict,1.0,
494,evict,1.0,
495,evict,1.0,
496,evict,1.0,
497,evict,1.0,
498,evict,1.0,
499,evict,1.0,
500,evict,1.0,
501,evict,1.0,
502,evict,1.0,
503,evict,1.0,
504,evict,1.0,
505,evict,1.0,
506,evict,1.0,
507,evict,1.0,
508,evict,1.0,
509,evict,1.0,
510,evict,1.0,
511,evict,1.0,
512,evict,1.0,
513,evict,1.0,
514,evict,1.0,
515,evict,1.0,
516,evict,1.0,
517,evict,1.0,
518,evict,1.0,
519,evict,1.0,
520,evict,1.0,
521,evict,1.0,
522,evict,1.0,
523,evict,1.0,
524,evict,1.0,
525,evict,1.0,
526,evict,1.0,
527,evict,1.0,
528,evict,1.0,
529,evict,1.0,
530,evict,1.0,
531,evict,1.0,
532,evict,1.0,
533,evict,1.0,
534,evict,1.0,
535,evict,1.0,
536,evict,1.0,
537,evict,1.0,
538,evict,1.0,
539,evict,1.0,
540,evict,1.0,
541,evict,1.0,
542,evict,1.0,
543,evict,1.0,
544,evict,1.0,
545,evict,1.0,
546,evict,1.0,
547,evict,1.0,
548,evict,1.0,
549,evict,1.0,
550,evict,1.0,
551,evict,1.0,
552,evict,1.0,
553,evict,1.0,
554,evict,1.0,
555,evict,1.0,
556,evict,1.0,
557,evict,1.0,
558,evict,1.0,
559,evict,1.0,
560,evict,1.0,
561,evict,1.0,
562,evict,1.0,
563,evict,1.0,
564,evict,1.0,
565,evict,1.0,
566,evict,1.0,
567,evict,1.0,
568,evict,1.0,
569,evict,1.0,
570,evict,1.0,
571,evict,1.0,
572,evict,1.0,
573,evict,1.0,
574,evict,1.0,
575,evict,1.0,
576,evict,1.0,
577,evict,1.0,
578,evict,1.0,
579,evict,1.0,
580,evict,1.0,
581,evict,1.0,
582,evict,1.0,
583,evict,1.0,
584,evict,1.0,
585,evict,1.0,
586,evict,1.0,
587,evict,1.0,
588,evict,1.0,
589,evict,1.0,
590,evict,1.0,
591,evict,1.0,
592,evict,1.0,
593,evict,1.0,
594,evict,1.0,
595,evict,1.0,
596,evict,1.0,
597,evict,1.0,
598,evict,1.0,
599,evict,1.0,
600,evict,1.0,
601,evict,1.0,
602,evict,1.0,
603,evict,1.0,
604,evict,1.0,
605,evict,1.0,
606,evict,1.0,
607,evict,1.0,
608,evict,1.0,
609,evict,1.0,
610,evict,1.0,
611,evict,1.0,
612,evict,1.0,
613,evict,1.0,
614,evict,1.0,
615,evict,1.0,
616,evict,1.0,
617,evict,1.0,
618,evict,1.0,
619,evict,1.0,
620,evict,1.0,
621,evict,1.0,
622,evict,1.0,
623,evict,1.0,
624,evict,1.0,
625,evict,1.0,
626,evict,1.0,
627,evict,1.0,
628,evict,1.0,
629,evict,1.0,
630,evict,1.0,
631,evict,1.0,
632,evict,1.0,
633,evict,1.0,
634,evict,1.0,
635,evict,1.0,
636,evict,1.0,
637,evict,1.0,
638,evict,1.0,
639,evict,1.0,
640,evict,1.0,
641,evict,1.0,
642,evict,1.0,
643,evict,1.0,
644,evict,1.0,
645,evict,1.0,
646,evict,1.0,
647,evict,1.0,
648,evict,1.0,
649,evict,1.0,
650,evict,1.0,
651,evict,1.0,
652,evict,1.0,
653,evict,1.0,
654,evict,1.0,
655,evict,1.0,
656,evict,1.0,
657,evict,1.0,
658,evict,1.0,
659,evict,1.0,
660,evict,1.0,
661,evict,1.0,
662,evict,1.0,
663,evict,1.0,
664,evict,1.0,
665,evict,1.0,
666,evict,1.0,
667,evict,1.0,
668,evict,1.0,
669,evict,1.0,
670,evict,1.0,
671,evict,1.0,
672,evict,1.0,
673,evict,1.0,
674,evict,1.0,
675,evict,1.0,
676,evict,1.0,
677,evict,1.0,
678,evict,1.0,
679,evict,1.0,
680,evict,1.0,
681,evict,1.0,
682,evict,1.0,
683,evict,1.0,
684,evict,1.0,
685,evict,1.0,
686,evict,1.0,
687,evict,1.0,
688,evict,1.0,
689,evict,1.0,
690,evict,1.0,
691,evict,1.0,
692,evict,1.0,
693,evict,1.0,
694,evict,1.0,
695,evict,1.0,
696,evict,1.0,
697,evict,1.0,
698,evict,1.0,
699,evict,1.0,
700,evict,1.0,
701,evict,1.0,
702,evict,1.0,
703,evict,1.0,
704,evict,1.0,
705,evict,1.0,
706,evict,1.0,
707,evict,1.0,
708,evict,1.0,
709,evict,1.0,
710,evict,1.0,
711,evict,1.0,
712,evict,1.0,
713,evict,1.0,
714,evict,1.0,
715,evict,1.0,
716,evict,1.0,
717,evict,1.0,
718,evict,1.0,
719,evict,1.0,
720,evict,1.0,
721,evict,1.0,
722,evict,1.0,
723,evict,1.0,
724,evict,1.0,
725,evict,1.0,
726,evict,1.0,
727,evict,1.0,
728,evict,1.0,
729,evict,1.0,
730,evict,1.0,
731,evict,1.0,
732,evict,1.0,
733,evict,1.0,
734,evict,1.0,
735,evict,1.0,
736,evict,1.0,
737,evict,1.0,
738,evict,1.0,
739,evict,1.0,
740,evict,1.0,
741,evict,1.0,
742,evict,1.0,
743,evict,1.0,
744,evict,1.0,
745,evict,1.0,
746,evict,1.0,
747,evict,1.0,
748,evict,1.0,
749,evict,1.0,
750,evict,1.0,
751,evict,1.0,
752,evict,1.0,
753,evict,1.0,
754,evict,1.0,
755,evict,1.0,
756,evict,1.0,
757,evict,1.0,
758,evict,1.0,
759,evict,1.0,
760,evict,1.0,
761,evict,1.0,
762,evict,1.0,
763,evict,1.0,
764,evict,1.0,
765,evict,1.0,
766,evict,1.0,
767,evict,1.0,
768,evict,1.0,
769,evict,1.0,
770,evict,1.0,
771,evict,1.0,
772,evict,1.0,
773,evict,1.0,
774,evict,1.0,
775,evict,1.0,
776,evict,1.0,
777,evict,1.0,
778,evict,1.0,
779,evict,1.0,
780,evict,1.0,
781,evict,1.0,
782,evict,1.0,
783,evict,1.0,
784,evict,1.0,
785,evict,1.0,
786,evict,1.0,
787,evict,1.0,
788,evict,1.0,
789,evict,1.0,
790,evict,1.0,
791,evict,1.0,
792,evict,1.0,
793,evict,1.0,
794,evict,1.0,
795,evict,1.0,
796,evict,1.0,
797,evict,1.0,
798,evict,1.0,
799,evict,1.0,
800,evict,1.0,
801,evict,1.0,
802,evict,1.0,
803,evict,1.0,
804,evict,1.0,
805,evict,1.0,
806,evict,1.0,
807,evict,1.0,
808,evict,1.0,
809,evict,1.0,
810,evict,1.0,
811,evict,1.0,
812,evict,1.0,
813,evict,1.0,
814,evict,1.0,
815,evict,1.0,
816,evict,1.0,
817,evict,1.0,
818,evict,1.0,
819,evict,1.0,
820,evict,1.0,
821,evict,1.0,
822,evict,1.0,
823,evict,1.0,
824,evict,1.0,
825,evict,1.0,
826,evict,1.0,
827,evict,1.0,
828,evict,1.0,
829,evict,1.0,
830,evict,1.0,
831,evict,1.0,
832,evict,1.0,
833,evict,1.0,
834,evict,1.0,
835,evict,1.0,
836,evict,1.0,
837,evict,1.0,
838,evict,1.0,
839,evict,1.0,
840,evict,1.0,
841,evict,1.0,
842,evict,1.0,
843,evict,1.0,
844,evict,1.0,
845,evict,1.0,
846,evict,1.0,
847,evict,1.0,
848,evict,1.0,
849,evict,1.0,
850,evict,1.0,
851,evict,1.0,
852,evict,1.0,
853,evict,1.0,
854,evict,1.0,
855,evict,1.0,
856,evict,1.0,
857,evict,1.0,
858,evict,1.0,
859,evict,1.0,
860,evict,1.0,
861,evict,1.0,
862,evict,1.0,
863,evict,1.0,
864,evict,1.0,
865,evict,1.0,
866,evict,1.0,
867,evict,1.0,
868,evict,1.0,
869,evict,1.0,
870,evict,1.0,
871,evict,1.0,
872,evict,1.0,
873,evict,1.0,
874,evict,1.0,
875,evict,1.0,
876,evict,1.0,
877,evict,1.0,
878,evict,1.0,
879,evict,1.0,
880,evict,1.0,
881,evict,1.0,
882,evict,1.0,
883,evict,1.0,
884,evict,1.0,
885,evict,1.0,
886,evict,1.0,
887,evict,1.0,
888,evict,1.0,
889,evict,1.0,
890,evict,1.0,
891,evict,1.0,
892,evict,1.0,
893,evict,1.0,
894,evict,1.0,
895,evict,1.0,
896,evict,1.0,
897,evict,1.0,
898,evict,1.0,
899,evict,1.0,
900,evict,1.0,
901,evict,1.0,
902,evict,1.0,
903,evict,1.0,
904,evict,1.0,
905,evict,1.0,
906,evict,1.0,
907,evict,1.0,
908,evict,1.0,
909,evict,1.0,
910,evict,1.0,
911,evict,1.0,
912,evict,1.0,
913,evict,1.0,
914,evict,1.0,
915,evict,1.0,
916,evict,1.0,
917,evict,1.0,
918,evict,1.0,
919,evict,1.0,
920,evict,1.0,
921,evict,1.0,
922,evict,1.0,
923,evict,1.0,
924,evict,1.0,
925,evict,1.0,
926,evict,1.0,
927,evict,1.0,
928,evict,1.0,
929,evict,1.0,
930,evict,1.0,
931,evict,1.0,
932,evict,1.0,
933,evict,1.0,
934,evict,1.0,
935,evict,1.0,
936,evict,1.0,
937,evict,1.0,
938,evict,1.0,
939,evict,1.0,
940,evict,1.0,
941,evict,1.0,
942,evict,1.0,
943,evict,1.0,
944,evict,1.0,
945,evict,1.0,
946,evict,1.0,
947,evict,1.0,
948,evict,1.0,
949,evict,1.0,
950,evict,1.0,
951,evict,1.0,
952,evict,1.0,
953,evict,1.0,
954,evict,1.0,
955,evict,1.0,
956,evict,1.0,
957,evict,1.0,
958,evict,1.0,
959,evict,1.0,
960,evict,1.0,
961,evict,1.0,
962,evict,1.0,
963,evict,1.0,
964,evict,1.0,
965,evict,1.0,
966,evict,1.0,
967,evict,1.0,
968,evict,1.0,
969,evict,1.0,
970,evict,1.0,
971,evict,1.0,
972,evict,1.0,
973,evict,1.0,
974,evict,1.0,
975,evict,1.0,
976,evict,1.0,
977,evict,1.0,
978,evict,1.0,
979,evict,1.0,
980,evict,1.0,
981,evict,1.0,
982,evict,1.0,
983,evict,1.0,
984,evict,1.0,
985,evict,1.0,
986,evict,1.0,
987,evict,1.0,
988,evict,1.0,
989,evict,1.0,
990,evict,1.0,
991,evict,1.0,
992,evict,1.0,
993,evict,1.0,
994,evict,1.0,
995,evict,1.0,
996,evict,1.0,
997,evict,1.0,
998,evict,1.0,
999,evict,1.0,
1000,evict,1.0,
1001,evict,1.0,
1002,evict,1.0,
1003,evict,1.0,
1004,evict,1.0,
1005,evict,1.0,
1006,evict,1.0,
1007,evict,1.0,
1008,evict,1.0,
1009,evict,1.0,
1010,evict,1.0,
1011,evict,1.0,
1012,evict,1.0,
1013,evict,1.0,
1014,evict,1.0,
1015,evict,1.0,
1016,evict,1.0,
1017,evict,1.0,
1018,evict,1.0,
1019,evict,1.0,
1020,evict,1.0,
1021,evict,1.0,
1022,evict,1.0,
1023,evict,1.0,
1024,evict,1.0,
1025,evict,1.0,
1026,evict,1.0,
1027,evict,1.0,
1028,evict,1.0,
1029,evict,1.0,
1030,evict,1.0,
1031,evict,1.0,
1032,evict,1.0,
1033,evict,1.0,
1034,evict,1.0,
1035,evict,1.0,
1036,evict,1.0,
1037,evict,1.0,
1038,evict,1.0,
1039,evict,1.0,
1040,evict,1.0,
1041,evict,1.0,
1042,evict,1.0,
1043,evict,1.0,
1044,evict,1.0,
1045,evict,1.0,
1046,evict,1.0,
1047,evict,1.0,
1048,evict,1.0,
1049,evict,1.0,
1050,evict,1.0,
1051,evict,1.0,
1052,evict,1.0,
1053,evict,1.0,
1054,evict,1.0,
1055,evict,1.0,
1056,evict,1.0,
1057,evict,1.0,
1058,evict,1.0,
1059,evict,1.0,
1060,evict,1.0,
1061,evict,1.0,
1062,evict,1.0,
1063,evict,1.0,
1064,evict,1.0,
1065,evict,1.0,
1066,evict,1.0,
1067,evict,1.0,
1068,evict,1.0,
1069,evict,1.0,
1070,evict,1.0,
1071,evict,1.0,
1072,evict,1.0,
1073,evict,1.0,
1074,evict,1.0,
1075,evict,1.0,
1076,evict,1.0,
1077,evict,1.0,
1078,evict,1.0,
1079,evict,1.0,
1080,evict,1.0,
1081,evict,1.0,
1082,evict,1.0,
1083,evict,1.0,
1084,evict,1.0,
1085,evict,1.0,
1086,evict,1.0,
1087,evict,1.0,
1088,evict,1.0,
1089,evict,1.0,
1090,evict,1.0,
1091,evict,1.0,
1092,evict,1.0,
1093,evict,1.0,
1094,evict,1.0,
1095,evict,1.0,
1096,evict,1.0,
1097,evict,1.0,
1098,evict,1.0,
1099,evict,1.0,
1100,evict,1.0,
1101,evict,1.0,
1102,evict,1.0,
1103,evict,1.0,
1104,evict,1.0,
1105,evict,1.0,
1106,evict,1.0,
1107,evict,1.0,
1108,evict,1.0,
1109,evict,1.0,
1110,evict,1.0,
1111,evict,1.0,
1112,evict,1.0,
1113,evict,1.0,
1114,evict,1.0,
1115,evict,1.0,
1116,evict,1.0,
1117,evict,1.0,
1118,evict,1.0,
1119,evict,1.0,
1120,evict,1.0,
1121,evict,1.0,
1122,evict,1.0,
1123,evict,1.0,
1124,evict,1.0,
1125,evict,1.0,
1126,evict,1.0,
1127,evict,1.0,
1128,evict,1.0,
1129,evict,1.0,
1130,evict,1.0,
1131,evict,1.0,
1132,evict,1.0,
1133,evict,1.0,
1134,evict,1.0,
1135,evict,1.0,
1136,evict,1.0,
1137,evict,1.0,
1138,evict,1.0,
1139,evict,1.0,
1140,evict,1.0,
1141,evict,1.0,
1142,evict,1.0,
1143,evict,1.0,
1144,evict,1.0,
1145,evict,1.0,
1146,evict,1.0,
1147,evict,1.0,
1148,evict,1.0,
1149,evict,1.0,
1150,evict,1.0,
1151,evict,1.0,
1152,evict,1.0,
1153,evict,1.0,
1154,evict,1.0,
1155,evict,1.0,
1156,evict,1.0,
1157,evict,1.0,
1158,evict,1.0,
1159,evict,1.0,
1160,evict,1.0,
1161,evict,1.0,
1162,evict,1.0,
1163,evict,1.0,
1164,evict,1.0,
1165,evict,1.0,
1166,evict,1.0,
1167,evict,1.0,
1168,evict,1.0,
1169,evict,1.0,
1170,evict,1.0,
1171,evict,1.0,
1172,evict,1.0,
1173,evict,1.0,
1174,evict,1.0,
1175,evict,1.0,
1176,evict,1.0,
1177,evict,1.0,
1178,evict,1.0,
1179,evict,1.0,
1180,evict,1.0,
1181,evict,1.0,
1182,evict,1.0,
1183,evict,1.0,
1184,evict,1.0,
1185,evict,1.0,
1186,evict,1.0,
1187,evict,1.0,
1188,evict,1.0,
1189,evict,1.0,
1190,evict,1.0,
1191,evict,1.0,
1192,evict,1.0,
1193,evict,1.0,
1194,evict,1.0,
1195,evict,1.0,
1196,evict,1.0,
1197,evict,1.0,
1198,evict,1.0,
1199,evict,1.0,
1200,evict,1.0,
1201,evict,1.0,
1202,evict,1.0,
1203,evict,1.0,
1204,evict,1.0,
1205,evict,1.0,
1206,evict,1.0,
1207,evict,1.0,
1208,evict,1.0,
1209,evict,1.0,
1210,evict,1.0,
1211,evict,1.0,
1212,evict,1.0,
1213,evict,1.0,
1214,evict,1.0,
1215,evict,1.0,
1216,evict,1.0,
1217,evict,1.0,
1218,evict,1.0,
1219,evict,1.0,
1220,evict,1.0,
1221,evict,1.0,
1222,evict,1.0,
1223,evict,1.0,
1224,evict,1.0,
1225,evict,1.0,
1226,evict,1.0,
1227,evict,1.0,
1228,evict,1.0,
1229,evict,1.0,
1230,evict,1.0,
1231,evict,1.0,
1232,evict,1.0,
1233,evict,1.0,
1234,evict,1.0,
1235,evict,1.0,
1236,evict,1.0,
1237,evict,1.0,
1238,evict,1.0,
1239,evict,1.0,
1240,evict,1.0,
1241,evict,1.0,
1242,evict,1.0,
1243,evict,1.0,
1244,evict,1.0,
1245,evict,1.0,
1246,evict,1.0,
1247,evict,1.0,
1248,evict,1.0,
1249,evict,1.0,
1250,evict,1.0,
1251,evict,1.0,
1252,evict,1.0,
1253,evict,1.0,
1254,evict,1.0,
1255,evict,1.0,
1256,evict,1.0,
1257,evict,1.0,
1258,evict,1.0,
1259,evict,1.0,
1260,evict,1.0,
1261,evict,1.0,
1262,evict,1.0,
1263,evict,1.0,
1264,evict,1.0,
1265,evict,1.0,
1266,evict,1.0,
1267,evict,1.0,
1268,evict,1.0,
1269,evict,1.0,
1270,evict,1.0,
1271,evict,1.0,
1272,evict,1.0,
1273,evict,1.0,
1274,evict,1.0,
1275,evict,1.0,
1276,evict,1.0,
1277,evict,1.0,
1278,evict,1.0,
1279,evict,1.0,
1280,evict,1.0,
1281,evict,1.0,
1282,evict,1.0,
1283,evict,1.0,
1284,evict,1.0,
1285,evict,1.0,
1286,evict,1.0,
1287,evict,1.0,
1288,evict,1.0,
1289,evict,1.0,
1290,evict,1.0,
1291,evict,1.0,
1292,evict,1.0,
1293,evict,1.0,
1294,evict,1.0,
1295,evict,1.0,
1296,evict,1.0,
1297,evict,1.0,
1298,evict,1.0,
1299,evict,1.0,
1300,evict,1.0,
1301,evict,1.0,
1302,evict,1.0,
1303,evict,1.0,
1304,evict,1.0,
1305,evict,1.0,
1306,evict,1.0,
1307,evict,1.0,
1308,evict,1.0,
1309,evict,1.0,
1310,evict,1.0,
1311,evict,1.0,
1312,evict,1.0,
1313,evict,1.0,
1314,evict,1.0,
1315,evict,1.0,
1316,evict,1.0,
1317,evict,1.0,
1318,evict,1.0,
1319,evict,1.0,
1320,evict,1.0,
1321,evict,1.0,
1322,evict,1.0,
1323,evict,1.0,
1324,evict,1.0,
1325,evict,1.0,
1326,evict,1.0,
1327,evict,1.0,
1328,evict,1.0,
1329,evict,1.0,
1330,evict,1.0,
1331,evict,1.0,
1332,evict,1.0,
1333,evict,1.0,
1334,evict,1.0,
1335,evict,1.0,
1336,evict,1.0,
1337,evict,1.0,
1338,evict,1.0,
1339,evict,1.0,
1340,evict,1.0,
1341,evict,1.0,
1342,evict,1.0,
1343,evict,1.0,
1344,evict,1.0,
1345,evict,1.0,
1346,evict,1.0,
1347,evict,1.0,
1348,evict,1.0,
1349,evict,1.0,
1350,evict,1.0,
1351,evict,1.0,
1352,evict,1.0,
1353,evict,1.0,
1354,evict,1.0,
1355,evict,1.0,
1356,evict,1.0,
1357,evict,1.0,
1358,evict,1.0,
1359,evict,1.0,
1360,evict,1.0,
1361,evict,1.0,
1362,evict,1.0,
1363,evict,1.0,
1364,evict,1.0,
1365,evict,1.0,
1366,evict,1.0,
1367,evict,1.0,
1368,evict,1.0,
1369,evict,1.0,
1370,evict,1.0,
1371,evict,1.0,
1372,evict,1.0,
1373,evict,1.0,
1374,evict,1.0,
1375,evict,1.0,
1376,evict,1.0,
1377,evict,1.0,
1378,evict,1.0,
1379,evict,1.0,
1380,evict,1.0,
1381,evict,1.0,
1382,evict,1.0,
1383,evict,1.0,
1384,evict,1.0,
1385,evict,1.0,
1386,evict,1.0,
1387,evict,1.0,
1388,evict,1.0,
1389,evict,1.0,
1390,evict,1.0,
1391,evict,1.0,
1392,evict,1.0,
1393,evict,1.0,
1394,evict,1.0,
1395,evict,1.0,
1396,evict,1.0,
1397,evict,1.0,
1398,evict,1.0,
1399,evict,1.0,
1400,evict,1.0,
1401,evict,1.0,
1402,evict,1.0,
1403,evict,1.0,
1404,evict,1.0,
1405,evict,1.0,
1406,evict,1.0,
1407,evict,1.0,
1408,evict,1.0,
1409,evict,1.0,
1410,evict,1.0,
1411,evict,1.0,
1412,evict,1.0,
1413,evict,1.0,
1414,evict,1.0,
1415,evict,1.0,
1416,evict,1.0,
1417,evict,1.0,
1418,evict,1.0,
1419,evict,1.0,
1420,evict,1.0,
1421,evict,1.0,
1422,evict,1.0,
1423,evict,1.0,
1424,evict,1.0,
1425,evict,1.0,
1426,evict,1.0,
1427,evict,1.0,
1428,evict,1.0,
1429,evict,1.0,
1430,evict,1.0,
1431,evict,1.0,
1432,evict,1.0,
1433,evict,1.0,
1434,evict,1.0,
1435,evict,1.0,
1436,evict,1.0,
1437,evict,1.0,
1438,evict,1.0,
1439,evict,1.0,
1440,evict,1.0,
1441,evict,1.0,
1442,evict,1.0,
1443,evict,1.0,
1444,evict,1.0,
1445,evict,1.0,
1446,evict,1.0,
1447,evict,1.0,
1448,evict,1.0,
1449,evict,1.0,
1450,evict,1.0,
1451,evict,1.0,
1452,evict,1.0,
1453,evict,1.0,
1454,evict,1.0,
1455,evict,1.0,
1456,evict,1.0,
1457,evict,1.0,
1458,evict,1.0,
1459,evict,1.0,
1460,evict,1.0,
1461,evict,1.0,
1462,evict,1.0,
1463,evict,1.0,
1464,evict,1.0,
1465,evict,1.0,
1466,evict,1.0,
1467,evict,1.0,
1468,evict,1.0,
1469,evict,1.0,
1470,evict,1.0,
1471,evict,1.0,
1472,evict,1.0,
1473,evict,1.0,
1474,evict,1.0,
1475,evict,1.0,
1476,evict,1.0,
1477,evict,1.0,
1478,evict,1.0,
1479,evict,1.0,
1480,evict,1.0,
1481,evict,1.0,
1482,evict,1.0,
1483,evict,1.0,
1484,evict,1.0,
1485,evict,1.0,
1486,evict,1.0,
1487,evict,1.0,
1488,evict,1.0,
1489,evict,1.0,
1490,evict,1.0,
1491,evict,1.0,
1492,evict,1.0,
1493,evict,1.0,
1494,evict,1.0,
1495,evict,1.0,
1496,evict,1.0,
1497,evict,1.0,
1498,evict,1.0,
1499,evict,1.0,
1500,evict,1.0,
1501,evict,1.0,
1502,evict,1.0,
1503,evict,1.0,
1504,evict,1.0,
1505,evict,1.0,
1506,evict,1.0,
1507,evict,1.0,
1508,evict,1.0,
1509,evict,1.0,
1510,evict,1.0,
1511,evict,1.0,
1512,evict,1.0,
1513,evict,1.0,
1514,evict,1.0,
1515,evict,1.0,
1516,evict,1.0,
1517,evict,1.0,
1518,evict,1.0,
1519,evict,1.0,
1520,evict,1.0,
1521,evict,1.0,
1522,evict,1.0,
1523,evict,1.0,
1524,evict,1.0,
1525,evict,1.0,
1526,evict,1.0,
1527,evict,1.0,
1528,evict,1.0,
1529,evict,1.0,
1530,evict,1.0,
1531,evict,1.0,
1532,evict,1.0,
1533,evict,1.0,
1534,evict,1.0,
1535,evict,1.0,
1536,evict,1.0,
1537,evict,1.0,
1538,evict,1.0,
1539,evict,1.0,
1540,evict,1.0,
1541,evict,1.0,
1542,evict,1.0,
1543,evict,1.0,
1544,evict,1.0,
1545,evict,1.0,
1546,evict,1.0,
1547,evict,1.0,
1548,evict,1.0,
1549,evict,1.0,
1550,evict,1.0,
1551,evict,1.0,
1552,evict,1.0,
1553,evict,1.0,
1554,evict,1.0,
1555,evict,1.0,
1556,evict,1.0,
1557,evict,1.0,
1558,evict,1.0,
1559,evict,1.0,
1560,evict,1.0,
1561,evict,1.0,
1562,evict,1.0,
1563,evict,1.0,
1564,evict,1.0,
1565,evict,1.0,
1566,evict,1.0,
1567,evict,1.0,
1568,evict,1.0,
1569,evict,1.0,
1570,evict,1.0,
1571,evict,1.0,
1572,evict,1.0,
1573,evict,1.0,
1574,evict,1.0,
1575,evict,1.0,
1576,evict,1.0,
1577,evict,1.0,
1578,evict,1.0,
1579,evict,1.0,
1580,evict,1.0,
1581,evict,1.0,
1582,evict,1.0,
1583,evict,1.0,
1584,evict,1.0,
1585,evict,1.0,
1586,evict,1.0,
1587,evict,1.0,
1588,evict,1.0,
1589,evict,1.0,
1590,evict,1.0,
1591,evict,1.0,
1592,evict,1.0,
1593,evict,1.0,
1594,evict,1.0,
1595,evict,1.0,
1596,evict,1.0,
1597,evict,1.0,
1598,evict,1.0,
1599,evict,1.0,
1600,evict,1.0,
1601,evict,1.0,
1602,evict,1.0,
1603,evict,1.0,
1604,evict,1.0,
1605,evict,1.0,
1606,evict,1.0,
1607,evict,1.0,
1608,evict,1.0,
1609,evict,1.0,
1610,evict,1.0,
1611,evict,1.0,
1612,evict,1.0,
1613,evict,1.0,
1614,evict,1.0,
1615,evict,1.0,
1616,evict,1.0,
1617,evict,1.0,
1618,evict,1.0,
1619,evict,1.0,
1620,evict,1.0,
1621,evict,1.0,
1622,evict,1.0,
1623,evict,1.0,
1624,evict,1.0,
1625,evict,1.0,
1626,evict,1.0,
1627,evict,1.0,
1628,evict,1.0,
1629,evict,1.0,
1630,evict,1.0,
1631,evict,1.0,
1632,evict,1.0,
1633,evict,1.0,
1634,evict,1.0,
1635,evict,1.0,
1636,evict,1.0,
1637,evict,1.0,
1638,evict,1.0,
1639,evict,1.0,
1640,evict,1.0,
1641,evict,1.0,
1642,evict,1.0,
1643,evict,1.0,
1644,evict,1.0,
1645,evict,1.0,
1646,evict,1.0,
1647,evict,1.0,
1648,evict,1.0,
1649,evict,1.0,
1650,evict,1.0,
1651,evict,1.0,
1652,evict,1.0,
1653,evict,1.0,
1654,evict,1.0,
1655,evict,1.0,
1656,evict,1.0,
1657,evict,1.0,
1658,evict,1.0,
1659,evict,1.0,
1660,evict,1.0,
1661,evict,1.0,
1662,evict,1.0,
1663,evict,1.0,
1664,evict,1.0,
1665,evict,1.0,
1666,evict,1.0,
1667,evict,1.0,
1668,evict,1.0,
1669,evict,1.0,
1670,evict,1.0,
1671,evict,1.0,
1672,evict,1.0,
1673,evict,1.0,
1674,evict,1.0,
1675,evict,1.0,
1676,evict,1.0,
1677,evict,1.0,
1678,evict,1.0,
1679,evict,1.0,
1680,evict,1.0,
1681,evict,1.0,
1682,evict,1.0,
1683,evict,1.0,
1684,evict,1.0,
1685,evict,1.0,
1686,evict,1.0,
1687,evict,1.0,
1688,evict,1.0,
1689,evict,1.0,
1690,evict,1.0,
1691,evict,1.0,
1692,evict,1.0,
1693,evict,1.0,
1694,evict,1.0,
1695,evict,1.0,
1696,evict,1.0,
1697,evict,1.0,
1698,evict,1.0,
1699,evict,1.0,
1700,evict,1.0,
1701,evict,1.0,
1702,evict,1.0,
1703,evict,1.0,
1704,evict,1.0,
1705,evict,1.0,
1706,evict,1.0,
1707,evict,1.0,
1708,evict,1.0,
1709,evict,1.0,
1710,evict,1.0,
1711,evict,1.0,
1712,evict,1.0,
1713,evict,1.0,
1714,evict,1.0,
1715,evict,1.0,
1716,evict,1.0,
1717,evict,1.0,
1718,evict,1.0,
1719,evict,1.0,
1720,evict,1.0,
1721,evict,1.0,
1722,evict,1.0,
1723,evict,1.0,
1724,evict,1.0,
1725,evict,1.0,
1726,evict,1.0,
1727,evict,1.0,
1728,evict,1.0,
1729,evict,1.0,
1730,evict,1.0,
1731,evict,1.0,
1732,evict,1.0,
1733,evict,1.0,
1734,evict,1.0,
1735,evict,1.0,
1736,evict,1.0,
1737,evict,1.0,
1738,evict,1.0,
1739,evict,1.0,
1740,evict,1.0,
1741,evict,1.0,
1742,evict,1.0,
1743,evict,1.0,
1744,evict,1.0,
1745,evict,1.0,
1746,evict,1.0,
1747,evict,1.0,
1748,evict,1.0,
1749,evict,1.0,
1750,evict,1.0,
1751,evict,1.0,
1752,evict,1.0,
1753,evict,1.0,
1754,evict,1.0,
1755,evict,1.0,
1756,evict,1.0,
1757,evict,1.0,
1758,evict,1.0,
1759,evict,1.0,
1760,evict,1.0,
1761,evict,1.0,
1762,evict,1.0,
1763,evict,1.0,
1764,evict,1.0,
1765,evict,1.0,
1766,evict,1.0,
1767,evict,1.0,
1768,evict,1.0,
1769,evict,1.0,
1770,evict,1.0,
1771,evict,1.0,
1772,evict,1.0,
1773,evict,1.0,
1774,evict,1.0,
1775,evict,1.0,
1776,evict,1.0,
1777,evict,1.0,
1778,evict,1.0,
1779,evict,1.0,
1780,evict,1.0,
1781,evict,1.0,
1782,evict,1.0,
1783,evict,1.0,
1784,evict,1.0,
1785,evict,1.0,
1786,evict,1.0,
1787,evict,1.0,
1788,evict,1.0,
1789,evict,1.0,
1790,evict,1.0,
1791,evict,1.0,
1792,evict,1.0,
1793,evict,1.0,
1794,evict,1.0,
1795,evict,1.0,
1796,evict,1.0,
1797,evict,1.0,
1798,evict,1.0,
1799,evict,1.0,
1800,evict,1.0,
1801,evict,1.0,
1802,evict,1.0,
1803,evict,1.0,
1804,evict,1.0,
1805,evict,1.0,
1806,evict,1.0,
1807,evict,1.0,
1808,evict,1.0,
1809,evict,1.0,
1810,evict,1.0,
1811,evict,1.0,
1812,evict,1.0,
1813,evict,1.0,
1814,evict,1.0,
1815,evict,1.0,
1816,evict,1.0,
1817,evict,1.0,
1818,evict,1.0,
1819,evict,1.0,
1820,evict,1.0,
1821,evict,1.0,
1822,evict,1.0,
1823,evict,1.0,
1824,evict,1.0,
1825,evict,1.0,
1826,evict,1.0,
1827,evict,1.0,
1828,evict,1.0,
1829,evict,1.0,
1830,evict,1.0,
1831,evict,1.0,
1832,evict,1.0,
1833,evict,1.0,
1834,evict,1.0,
1835,evict,1.0,
1836,evict,1.0,
1837,evict,1.0,
1838,evict,1.0,
1839,evict,1.0,
1840,evict,1.0,
1841,evict,1.0,
1842,evict,1.0,
1843,evict,1.0,
1844,evict,1.0,
1845,evict,1.0,
1846,evict,1.0,
1847,evict,1.0,
1848,evict,1.0,
1849,evict,1.0,
1850,evict,1.0,
1851,evict,1.0,
1852,evict,1.0,
1853,evict,1.0,
1854,evict,1.0,
1855,evict,1.0,
1856,evict,1.0,
1857,evict,1.0,
1858,evict,1.0,
1859,evict,1.0,
1860,evict,1.0,
1861,evict,1.0,
1862,evict,1.0,
1863,evict,1.0,
1864,evict,1.0,
1865,evict,1.0,
1866,evict,1.0,
1867,evict,1.0,
1868,evict,1.0,
1869,evict,1.0,
1870,evict,1.0,
1871,evict,1.0,
1872,evict,1.0,
1873,evict,1.0,
1874,evict,1.0,
1875,evict,1.0,
1876,evict,1.0,
1877,evict,1.0,
1878,evict,1.0,
1879,evict,1.0,
1880,evict,1.0,
1881,evict,1.0,
1882,evict,1.0,
1883,evict,1.0,
1884,evict,1.0,
1885,evict,1.0,
1886,evict,1.0,
1887,evict,1.0,
1888,evict,1.0,
1889,evict,1.0,
1890,evict,1.0,
1891,evict,1.0,
1892,evict,1.0,
1893,evict,1.0,
1894,evict,1.0,
1895,evict,1.0,
1896,evict,1.0,
1897,evict,1.0,
1898,evict,1.0,
1899,evict,1.0,
1900,evict,1.0,
1901,evict,1.0,
1902,evict,1.0,
1903,evict,1.0,
1904,evict,1.0,
1905,evict,1.0,
1906,evict,1.0,
1907,evict,1.0,
1908,evict,1.0,
1909,evict,1.0,
1910,evict,1.0,
1911,evict,1.0,
1912,evict,1.0,
1913,evict,1.0,
1914,evict,1.0,
1915,evict,1.0,
1916,evict,1.0,
1917,evict,1.0,
1918,evict,1.0,
1919,evict,1.0,
1920,evict,1.0,
1921,evict,1.0,
1922,evict,1.0,
1923,evict,1.0,
1924,evict,1.0,
1925,evict,1.0,
1926,evict,1.0,
1927,evict,1.0,
1928,evict,1.0,
1929,evict,1.0,
1930,evict,1.0,
1931,evict,1.0,
1932,evict,1.0,
1933,evict,1.0,
1934,evict,1.0,
1935,evict,1.0,
1936,evict,1.0,
1937,evict,1.0,
1938,evict,1.0,
1939,evict,1.0,
1940,evict,1.0,
1941,evict,1.0,
1942,evict,1.0,
1943,evict,1.0,
1944,evict,1.0,
1945,evict,1.0,
1946,evict,1.0,
1947,evict,1.0,
1948,evict,1.0,
1949,evict,1.0,
1950,evict,1.0,
1951,evict,1.0,
1952,evict,1.0,
1953,evict,1.0,
1954,evict,1.0,
1955,evict,1.0,
1956,evict,1.0,
1957,evict,1.0,
1958,evict,1.0,
1959,evict,1.0,
1960,evict,1.0,
1961,evict,1.0,
1962,evict,1.0,
1963,evict,1.0,
1964,evict,1.0,
1965,evict,1.0,
1966,evict,1.0,
1967,evict,1.0,
1968,evict,1.0,
1969,evict,1.0,
1970,evict,1.0,
1971,evict,1.0,
1972,evict,1.0,
1973,evict,1.0,
1974,evict,1.0,
1975,evict,1.0,
1976,evict,1.0,
1977,evict,1.0,
1978,evict,1.0,
1979,evict,1.0,
1980,evict,1.0,
1981,evict,1.0,
1982,evict,1.0,
1983,evict,1.0,
1984,evict,1.0,
1985,evict,1.0,
1986,evict,1.0,
1987,evict,1.0,
1988,evict,1.0,
1989,evict,1.0,
1990,evict,1.0,
1991,evict,1.0,
1992,evict,1.0,
1993,evict,1.0,
1994,evict,1.0,
1995,evict,1.0,
1996,evict,1.0,
1997,evict,1.0,
1998,evict,1.0,
1999,evict,1.0,
2000,evict,1.0,
2001,evict,1.0,
2002,evict,1.0,
2003,evict,1.0,
2004,evict,1.0,
2005,evict,1.0,
2006,evict,1.0,
2007,evict,1.0,
2008,evict,1.0,
2009,evict,1.0,
2010,evict,1.0,
2011,evict,1.0,
2012,evict,1.0,
2013,evict,1.0,
2014,evict,1.0,
2015,evict,1.0,
2016,evict,1.0,
2017,evict,1.0,
2018,evict,1.0,
2019,evict,1.0,
2020,evict,1.0,
2021,evict,1.0,
2022,evict,1.0,
2023,evict,1.0,
2024,evict,1.0,
2025,evict,1.0,
2026,evict,1.0,
2027,evict,1.0,
2028,evict,1.0,
2029,evict,1.0,
2030,evict,1.0,
2031,evict,1.0,
2032,evict,1.0,
2033,evict,1.0,
2034,evict,1.0,
2035,evict,1.0,
2036,evict,1.0,
2037,evict,1.0,
2038,evict,1.0,
2039,evict,1.0,
2040,evict,1.0,
2041,evict,1.0,
2042,evict,1.0,
2043,evict,1.0,
2044,evict,1.0,
2045,evict,1.0,
2046,evict,1.0,
2047,evict,1.0,
2048,evict,1.0,
2049,evict,1.0,
2050,evict,1.0,
2051,evict,1.0,
2052,evict,1.0,
2053,evict,1.0,
2054,evict,1.0,
2055,evict,1.0,
2056,evict,1.0,
2057,evict,1.0,
2058,evict,1.0,
2059,evict,1.0,
2060,evict,1.0,
2061,evict,1.0,
2062,evict,1.0,
2063,evict,1.0,
2064,evict,1.0,
2065,evict,1.0,
2066,evict,1.0,
2067,evict,1.0,
2068,evict,1.0,
2069,evict,1.0,
2070,evict,1.0,
2071,evict,1.0,
2072,evict,1.0,
2073,evict,1.0,
2074,evict,1.0,
2075,evict,1.0,
2076,evict,1.0,
2077,evict,1.0,
2078,evict,1.0,
2079,evict,1.0,
2080,evict,1.0,
2081,evict,1.0,
2082,evict,1.0,
2083,evict,1.0,
2084,evict,1.0,
2085,evict,1.0,
2086,evict,1.0,
2087,evict,1.0,
2088,evict,1.0,
2089,evict,1.0,
2090,evict,1.0,
2091,evict,1.0,
2092,evict,1.0,
2093,evict,1.0,
2094,evict,1.0,
2095,evict,1.0,
2096,evict,1.0,
2097,evict,1.0,
2098,evict,1.0,
2099,evict,1.0,
2100,evict,1.0,
2101,evict,1.0,
2102,evict,1.0,
2103,evict,1.0,
2104,evict,1.0,
2105,evict,1.0,
2106,evict,1.0,
2107,evict,1.0,
2108,evict,1.0,
2109,evict,1.0,
2110,evict,1.0,
2111,evict,1.0,
2112,evict,1.0,
2113,evict,1.0,
2114,evict,1.0,
2115,evict,1.0,
2116,evict,1.0,
2117,evict,1.0,
2118,evict,1.0,
2119,evict,1.0,
2120,evict,1.0,
2121,evict,1.0,
2122,evict,1.0,
2123,evict,1.0,
2124,evict,1.0,
2125,evict,1.0,
2126,evict,1.0,
2127,evict,1.0,
2128,evict,1.0,
2129,evict,1.0,
2130,evict,1.0,
2131,evict,1.0,
2132,evict,1.0,
2133,evict,1.0,
2134,evict,1.0,
2135,evict,1.0,
2136,evict,1.0,
2137,evict,1.0,
2138,evict,1.0,
2139,evict,1.0,
2140,evict,1.0,
2141,evict,1.0,
2142,evict,1.0,
2143,evict,1.0,
2144,evict,1.0,
2145,evict,1.0,
2146,evict,1.0,
2147,evict,1.0,
2148,evict,1.0,
2149,evict,1.0,
2150,evict,1.0,
2151,evict,1.0,
2152,evict,1.0,
2153,evict,1.0,
2154,evict,1.0,
2155,evict,1.0,
2156,evict,1.0,
2157,evict,1.0,
2158,evict,1.0,
2159,evict,1.0,
2160,evict,1.0,
2161,evict,1.0,
2162,evict,1.0,
2163,evict,1.0,
2164,evict,1.0,
2165,evict,1.0,
2166,evict,1.0,
2167,evict,1.0,
2168,evict,1.0,
2169,evict,1.0,
2170,evict,1.0,
2171,evict,1.0,
2172,evict,1.0,
2173,evict,1.0,
2174,evict,1.0,
2175,evict,1.0,
2176,evict,1.0,
2177,evict,1.0,
2178,evict,1.0,
2179,evict,1.0,
2180,evict,1.0,
2181,evict,1.0,
2182,evict,1.0,
2183,evict,1.0,
2184,evict,1.0,
2185,evict,1.0,
2186,evict,1.0,
2187,evict,1.0,
2188,evict,1.0,
2189,evict,1.0,
2190,evict,1.0,
2191,evict,1.0,
2192,evict,1.0,
2193,evict,1.0,
2194,evict,1.0,
2195,evict,1.0,
2196,evict,1.0,
2197,evict,1.0,
2198,evict,1.0,
2199,evict,1.0,
2200,evict,1.0,
2201,evict,1.0,
2202,evict,1.0,
2203,evict,1.0,
2204,evict,1.0,
2205,evict,1.0,
2206,evict,1.0,
2207,evict,1.0,
2208,evict,1.0,
2209,evict,1.0,
2210,evict,1.0,
2211,evict,1.0,
2212,evict,1.0,
2213,evict,1.0,
2214,evict,1.0,
2215,evict,1.0,
2216,evict,1.0,
2217,evict,1.0,
2218,evict,1.0,
2219,evict,1.0,
2220,evict,1.0,
2221,evict,1.0,
2222,evict,1.0,
2223,evict,1.0,
2224,evict,1.0,
2225,evict,1.0,
2226,evict,1.0,
2227,evict,1.0,
2228,evict,1.0,
2229,evict,1.0,
2230,evict,1.0,
2231,evict,1.0,
2232,evict,1.0,
2233,evict,1.0,
2234,evict,1.0,
2235,evict,1.0,
2236,evict,1.0,
2237,evict,1.0,
2238,evict,1.0,
2239,evict,1.0,
2240,evict,1.0,
2241,evict,1.0,
2242,evict,1.0,
2243,evict,1.0,
2244,evict,1.0,
2245,evict,1.0,
2246,evict,1.0,
2247,evict,1.0,
2248,evict,1.0,
2249,evict,1.0,
2250,evict,1.0,
2251,evict,1.0,
2252,evict,1.0,
2253,evict,1.0,
2254,evict,1.0,
2255,evict,1.0,
2256,evict,1.0,
2257,evict,1.0,
2258,evict,1.0,
2259,evict,1.0,
2260,evict,1.0,
2261,evict,1.0,
2262,evict,1.0,
2263,evict,1.0,
2264,evict,1.0,
2265,evict,1.0,
2266,evict,1.0,
2267,evict,1.0,
2268,evict,1.0,
2269,evict,1.0,
2270,evict,1.0,
2271,evict,1.0,
2272,evict,1.0,
2273,evict,1.0,
2274,evict,1.0,
2275,evict,1.0,
2276,evict,1.0,
2277,evict,1.0,
2278,evict,1.0,
2279,evict,1.0,
2280,evict,1.0,
2281,evict,1.0,
2282,evict,1.0,
2283,evict,1.0,
2284,evict,1.0,
2285,evict,1.0,
2286,evict,1.0,
2287,evict,1.0,
2288,evict,1.0,
2289,evict,1.0,
2290,evict,1.0,
2291,evict,1.0,
2292,evict,1.0,
2293,evict,1.0,
2294,evict,1.0,
2295,evict,1.0,
2296,evict,1.0,
2297,evict,1.0,
2298,evict,1.0,
2299,evict,1.0,
2300,evict,1.0,
2301,evict,1.0,
2302,evict,1.0,
2303,evict,1.0,
2304,evict,1.0,
2305,evict,1.0,
2306,evict,1.0,
2307,evict,1.0,
2308,evict,1.0,
2309,evict,1.0,
2310,evict,1.0,
2311,evict,1.0,
2312,evict,1.0,
2313,evict,1.0,
2314,evict,1.0,
2315,evict,1.0,
2316,evict,1.0,
2317,evict,1.0,
2318,evict,1.0,
2319,evict,1.0,
2320,evict,1.0,
2321,evict,1.0,
2322,evict,1.0,
2323,evict,1.0,
2324,evict,1.0,
2325,evict,1.0,
2326,evict,1.0,
2327,evict,1.0,
2328,evict,1.0,
2329,evict,1.0,
2330,evict,1.0,
2331,evict,1.0,
2332,evict,1.0,
2333,evict,1.0,
2334,evict,1.0,
2335,evict,1.0,
2336,evict,1.0,
2337,evict,1.0,
2338,evict,1.0,
2339,evict,1.0,
2340,evict,1.0,
2341,evict,1.0,
2342,evict,1.0,
2343,evict,1.0,
2344,evict,1.0,
2345,evict,1.0,
2346,evict,1.0,
2347,evict,1.0,
2348,evict,1.0,
2349,evict,1.0,
2350,evict,1.0,
2351,evict,1.0,
2352,evict,1.0,
2353,evict,1.0,
2354,evict,1.0,
2355,evict,1.0,
2356,evict,1.0,
2357,evict,1.0,
2358,evict,1.0,
2359,evict,1.0,
2360,evict,1.0,
2361,evict,1.0,
2362,evict,1.0,
2363,evict,1.0,
2364,evict,1.0,
2365,evict,1.0,
2366,evict,1.0,
2367,evict,1.0,
2368,evict,1.0,
2369,evict,1.0,
2370,evict,1.0,
2371,evict,1.0,
2372,evict,1.0,
2373,evict,1.0,
2374,evict,1.0,
2375,evict,1.0,
2376,evict,1.0,
2377,evict,1.0,
2378,evict,1.0,
2379,evict,1.0,
2380,evict,1.0,
2381,evict,1.0,
2382,evict,1.0,
2383,evict,1.0,
2384,evict,1.0,
2385,evict,1.0,
2386,evict,1.0,
2387,evict,1.0,
2388,evict,1.0,
2389,evict,1.0,
2390,evict,1.0,
2391,evict,1.0,
2392,evict,1.0,
2393,evict,1.0,
2394,evict,1.0,
2395,evict,1.0,
2396,evict,1.0,
2397,evict,1.0,
2398,evict,1.0,
2399,evict,1.0,
2400,evict,1.0,
2401,evict,1.0,
2402,evict,1.0,
2403,evict,1.0,
2404,evict,1.0,
2405,evict,1.0,
2406,evict,1.0,
2407,evict,1.0,
2408,evict,1.0,
2409,evict,1.0,
2410,evict,1.0,
2411,evict,1.0,
2412,evict,1.0,
2413,evict,1.0,
2414,evict,1.0,
2415,evict,1.0,
2416,evict,1.0,
2417,evict,1.0,
2418,evict,1.0,
2419,evict,1.0,
2420,evict,1.0,
2421,evict,1.0,
2422,evict,1.0,
2423,evict,1.0,
2424,evict,1.0,
2425,evict,1.0,
2426,evict,1.0,
2427,evict,1.0,
2428,evict,1.0,
2429,evict,1.0,
2430,evict,1.0,
2431,evict,1.0,
2432,evict,1.0,
2433,evict,1.0,
2434,evict,1.0,
2435,evict,1.0,
2436,evict,1.0,
2437,evict,1.0,
2438,evict,1.0,
2439,evict,1.0,
2440,evict,1.0,
2441,evict,1.0,
2442,evict,1.0,
2443,evict,1.0,
2444,evict,1.0,
2445,evict,1.0,
2446,evict,1.0,
2447,evict,1.0,
2448,evict,1.0,
2449,evict,1.0,
2450,evict,1.0,
2451,evict,1.0,
2452,evict,1.0,
2453,evict,1.0,
2454,evict,1.0,
2455,evict,1.0,
2456,evict,1.0,
2457,evict,1.0,
2458,evict,1.0,
2459,evict,1.0,
2460,evict,1.0,
2461,evict,1.0,
2462,evict,1.0,
2463,evict,1.0,
2464,evict,1.0,
2465,evict,1.0,
2466,evict,1.0,
2467,evict,1.0,
2468,evict,1.0,
2469,evict,1.0,
2470,evict,1.0,
2471,evict,1.0,
2472,evict,1.0,
2473,evict,1.0,
2474,evict,1.0,
2475,evict,1.0,
2476,evict,1.0,
2477,evict,1.0,
2478,evict,1.0,
2479,evict,1.0,
2480,evict,1.0,
2481,evict,1.0,
2482,evict,1.0,
2483,evict,1.0,
2484,evict,1.0,
2485,evict,1.0,
2486,evict,1.0,
2487,evict,1.0,
2488,evict,1.0,
2489,evict,1.0,
2490,evict,1.0,
2491,evict,1.0,
2492,evict,1.0,
2493,evict,1.0,
2494,evict,1.0,
2495,evict,1.0,
2496,evict,1.0,
2497,evict,1.0,
2498,evict,1.0,
2499,evict,1.0,
2500,evict,1.0,
2501,evict,1.0,
2502,evict,1.0,
2503,evict,1.0,
2504,evict,1.0,
2505,evict,1.0,
2506,evict,1.0,
2507,evict,1.0,
2508,evict,1.0,
2509,evict,1.0,
2510,evict,1.0,
2511,evict,1.0,
2512,evict,1.0,
2513,evict,1.0,
2514,evict,1.0,
2515,evict,1.0,
2516,evict,1.0,
2517,evict,1.0,
2518,evict,1.0,
2519,evict,1.0,
2520,evict,1.0,
2521,evict,1.0,
2522,evict,1.0,
2523,evict,1.0,
2524,evict,1.0,
2525,evict,1.0,
2526,evict,1.0,
2527,evict,1.0,
2528,evict,1.0,
2529,evict,1.0,
2530,evict,1.0,
2531,evict,1.0,
2532,evict,1.0,
2533,evict,1.0,
2534,evict,1.0,
2535,evict,1.0,
2536,evict,1.0,
2537,evict,1.0,
2538,evict,1.0,
2539,evict,1.0,
2540,evict,1.0,
2541,evict,1.0,
2542,evict,1.0,
2543,evict,1.0,
2544,evict,1.0,
2545,evict,1.0,
2546,evict,1.0,
2547,evict,1.0,
2548,evict,1.0,
2549,evict,1.0,
2550,evict,1.0,
2551,evict,1.0,
2552,evict,1.0,
2553,evict,1.0,
2554,evict,1.0,
2555,evict,1.0,
2556,evict,1.0,
2557,evict,1.0,
2558,evict,1.0,
2559,evict,1.0,
2560,evict,1.0,
2561,evict,1.0,
2562,evict,1.0,
2563,evict,1.0,
2564,evict,1.0,
2565,evict,1.0,
2566,evict,1.0,
2567,evict,1.0,
2568,evict,1.0,
2569,evict,1.0,
2570,evict,1.0,
2571,evict,1.0,
2572,evict,1.0,
2573,evict,1.0,
2574,evict,1.0,
2575,evict,1.0,
2576,evict,1.0,
2577,evict,1.0,
2578,evict,1.0,
2579,evict,1.0,
2580,evict,1.0,
2581,evict,1.0,
2582,evict,1.0,
2583,evict,1.0,
2584,evict,1.0,
2585,evict,1.0,
2586,evict,1.0,
2587,evict,1.0,
2588,evict,1.0,
2589,evict,1.0,
2590,evict,1.0,
2591,evict,1.0,
2592,evict,1.0,
2593,evict,1.0,
2594,evict,1.0,
2595,evict,1.0,
2596,evict,1.0,
2597,evict,1.0,
2598,evict,1.0,
2599,evict,1.0,
2600,evict,1.0,
2601,evict,1.0,
2602,evict,1.0,
2603,evict,1.0,
2604,evict,1.0,
2605,evict,1.0,
2606,evict,1.0,
2607,evict,1.0,
2608,evict,1.0,
2609,evict,1.0,
2610,evict,1.0,
2611,evict,1.0,
2612,evict,1.0,
2613,evict,1.0,
2614,evict,1.0,
2615,evict,1.0,
2616,evict,1.0,
2617,evict,1.0,
2618,evict,1.0,
2619,evict,1.0,
2620,evict,1.0,
2621,evict,1.0,
2622,evict,1.0,
2623,evict,1.0,
2624,evict,1.0,
2625,evict,1.0,
2626,evict,1.0,
2627,evict,1.0,
2628,evict,1.0,
2629,evict,1.0,
2630,evict,1.0,
2631,evict,1.0,
2632,evict,1.0,
2633,evict,1.0,
2634,evict,1.0,
2635,evict,1.0,
2636,evict,1.0,
2637,evict,1.0,
2638,evict,1.0,
2639,evict,1.0,
2640,evict,1.0,
2641,evict,1.0,
2642,evict,1.0,
2643,evict,1.0,
2644,evict,1.0,
2645,evict,1.0,
2646,evict,1.0,
2647,evict,1.0,
2648,evict,1.0,
2649,evict,1.0,
2650,evict,1.0,
2651,evict,1.0,
2652,evict,1.0,
2653,evict,1.0,
2654,evict,1.0,
2655,evict,1.0,
2656,evict,1.0,
2657,evict,1.0,
2658,evict,1.0,
2659,evict,1.0,
2660,evict,1.0,
2661,evict,1.0,
2662,evict,1.0,
2663,evict,1.0,
2664,evict,1.0,
2665,evict,1.0,
2666,evict,1.0,
2667,evict,1.0,
2668,evict,1.0,
2669,evict,1.0,
2670,evict,1.0,
2671,evict,1.0,
2672,evict,1.0,
2673,evict,1.0,
2674,evict,1.0,
2675,evict,1.0,
2676,evict,1.0,
2677,evict,1.0,
2678,evict,1.0,
2679,evict,1.0,
2680,evict,1.0,
2681,evict,1.0,
2682,evict,1.0,
2683,evict,1.0,
2684,evict,1.0,
2685,evict,1.0,
2686,evict,1.0,
2687,evict,1.0,
2688,evict,1.0,
2689,evict,1.0,
2690,evict,1.0,
2691,evict,1.0,
2692,evict,1.0,
2693,evict,1.0,
2694,evict,1.0,
2695,evict,1.0,
2696,evict,1.0,
2697,evict,1.0,
2698,evict,1.0,
2699,evict,1.0,
2700,evict,1.0,
2701,evict,1.0,
2702,evict,1.0,
2703,evict,1.0,
2704,evict,1.0,
2705,evict,1.0,
2706,evict,1.0,
2707,evict,1.0,
2708,evict,1.0,
2709,evict,1.0,
2710,evict,1.0,
2711,evict,1.0,
2712,evict,1.0,
2713,evict,1.0,
2714,evict,1.0,
2715,evict,1.0,
2716,evict,1.0,
2717,evict,1.0,
2718,evict,1.0,
2719,evict,1.0,
2720,evict,1.0,
2721,evict,1.0,
2722,evict,1.0,
2723,evict,1.0,
2724,evict,1.0,
2725,evict,1.0,
2726,evict,1.0,
2727,evict,1.0,
2728,evict,1.0,
2729,evict,1.0,
2730,evict,1.0,
2731,evict,1.0,
2732,evict,1.0,
2733,evict,1.0,
2734,evict,1.0,
2735,evict,1.0,
2736,evict,1.0,
2737,evict,1.0,
2738,evict,1.0,
2739,evict,1.0,
2740,evict,1.0,
2741,evict,1.0,
2742,evict,1.0,
2743,evict,1.0,
2744,evict,1.0,
2745,evict,1.0,
2746,evict,1.0,
2747,evict,1.0,
2748,evict,1.0,
2749,evict,1.0,
2750,evict,1.0,
2751,evict,1.0,
2752,evict,1.0,
2753,evict,1.0,
2754,evict,1.0,
2755,evict,1.0,
2756,evict,1.0,
2757,evict,1.0,
2758,evict,1.0,
2759,evict,1.0,
2760,evict,1.0,
2761,evict,1.0,
2762,evict,1.0,
2763,evict,1.0,
2764,evict,1.0,
2765,evict,1.0,
2766,evict,1.0,
2767,evict,1.0,
2768,evict,1.0,
2769,evict,1.0,
2770,evict,1.0,
2771,evict,1.0,
2772,evict,1.0,
2773,evict,1.0,
2774,evict,1.0,
2775,evict,1.0,
2776,evict,1.0,
2777,evict,1.0,
2778,evict,1.0,
2779,evict,1.0,
2780,evict,1.0,
2781,evict,1.0,
2782,evict,1.0,
2783,evict,1.0,
2784,evict,1.0,
2785,evict,1.0,
2786,evict,1.0,
2787,evict,1.0,
2788,evict,1.0,
2789,evict,1.0,
2790,evict,1.0,
2791,evict,1.0,
2792,evict,1.0,
2793,evict,1.0,
2794,evict,1.0,
2795,evict,1.0,
2796,evict,1.0,
2797,evict,1.0,
2798,evict,1.0,
2799,evict,1.0,
2800,evict,1.0,
2801,evict,1.0,
2802,evict,1.0,
2803,evict,1.0,
2804,evict,1.0,
2805,evict,1.0,
2806,evict,1.0,
2807,evict,1.0,
2808,evict,1.0,
2809,evict,1.0,
2810,evict,1.0,
2811,evict,1.0,
2812,evict,1.0,
2813,evict,1.0,
2814,evict,1.0,
2815,evict,1.0,
2816,evict,1.0,
2817,evict,1.0,
2818,evict,1.0,
2819,evict,1.0,
2820,evict,1.0,
2821,evict,1.0,
2822,evict,1.0,
2823,evict,1.0,
2824,evict,1.0,
2825,evict,1.0,
2826,evict,1.0,
2827,evict,1.0,
2828,evict,1.0,
2829,evict,1.0,
2830,evict,1.0,
2831,evict,1.0,
2832,evict,1.0,
2833,evict,1.0,
2834,evict,1.0,
2835,evict,1.0,
2836,evict,1.0,
2837,evict,1.0,
2838,evict,1.0,
2839,evict,1.0,
2840,evict,1.0,
2841,evict,1.0,
2842,evict,1.0,
2843,evict,1.0,
2844,evict,1.0,
2845,evict,1.0,
2846,evict,1.0,
2847,evict,1.0,
2848,evict,1.0,
2849,evict,1.0,
2850,evict,1.0,
2851,evict,1.0,
2852,evict,1.0,
2853,evict,1.0,
2854,evict,1.0,
2855,evict,1.0,
2856,evict,1.0,
2857,evict,1.0,
2858,evict,1.0,
2859,evict,1.0,
2860,evict,1.0,
2861,evict,1.0,
2862,evict,1.0,
2863,evict,1.0,
2864,evict,1.0,
2865,evict,1.0,
2866,evict,1.0,
2867,evict,1.0,
2868,evict,1.0,
2869,evict,1.0,
2870,evict,1.0,
2871,evict,1.0,
2872,evict,1.0,
2873,evict,1.0,
2874,evict,1.0,
2875,evict,1.0,
2876,evict,1.0,
2877,evict,1.0,
2878,evict,1.0,
2879,evict,1.0,
2880,evict,1.0,
2881,evict,1.0,
2882,evict,1.0,
2883,evict,1.0,
2884,evict,1.0,
2885,evict,1.0,
2886,evict,1.0,
2887,evict,1.0,
2888,evict,1.0,
2889,evict,1.0,
2890,evict,1.0,
2891,evict,1.0,
2892,evict,1.0,
2893,evict,1.0,
2894,evict,1.0,
2895,evict,1.0,
2896,evict,1.0,
2897,evict,1.0,
2898,evict,1.0,
2899,evict,1.0,
2900,evict,1.0,
2901,evict,1.0,
2902,evict,1.0,
2903,evict,1.0,
2904,evict,1.0,
2905,evict,1.0,
2906,evict,1.0,
2907,evict,1.0,
2908,evict,1.0,
2909,evict,1.0,
2910,evict,1.0,
2911,evict,1.0,
2912,evict,1.0,
2913,evict,1.0,
2914,evict,1.0,
2915,evict,1.0,
2916,evict,1.0,
2917,evict,1.0,
2918,evict,1.0,
2919,evict,1.0,
2920,evict,1.0,
2921,evict,1.0,
2922,evict,1.0,
2923,evict,1.0,
2924,evict,1.0,
2925,evict,1.0,
2926,evict,1.0,
2927,evict,1.0,
2928,evict,1.0,
2929,evict,1.0,
2930,evict,1.0,
2931,evict,1.0,
2932,evict,1.0,
2933,evict,1.0,
2934,evict,1.0,
2935,evict,1.0,
2936,evict,1.0,
2937,evict,1.0,
2938,evict,1.0,
2939,evict,1.0,
2940,evict,1.0,
2941,evict,1.0,
2942,evict,1.0,
2943,evict,1.0,
2944,evict,1.0,
2945,evict,1.0,
2946,evict,1.0,
2947,evict,1.0,
2948,evict,1.0,
2949,evict,1.0,
2950,evict,1.0,
2951,evict,1.0,
2952,evict,1.0,
2953,evict,1.0,
2954,evict,1.0,
2955,evict,1.0,
2956,evict,1.0,
2957,evict,1.0,
2958,evict,1.0,
2959,evict,1.0,
2960,evict,1.0,
2961,evict,1.0,
2962,evict,1.0,
2963,evict,1.0,
2964,evict,1.0,
2965,evict,1.0,
2966,evict,1.0,
2967,evict,1.0,
2968,evict,1.0,
2969,evict,1.0,
2970,evict,1.0,
2971,evict,1.0,
2972,evict,1.0,
2973,evict,1.0,
2974,evict,1.0,
2975,evict,1.0,
2976,evict,1.0,
2977,evict,1.0,
2978,evict,1.0,
2979,evict,1.0,
2980,evict,1.0,
2981,evict,1.0,
2982,evict,1.0,
2983,evict,1.0,
2984,evict,1.0,
2985,evict,1.0,
2986,evict,1.0,
2987,evict,1.0,
2988,evict,1.0,
2989,evict,1.0,
2990,evict,1.0,
2991,evict,1.0,
2992,evict,1.0,
2993,evict,1.0,
2994,evict,1.0,
2995,evict,1.0,
2996,evict,1.0,
2997,evict,1.0,
2998,evict,1.0,
2999,evict,1.0,
3000,evict,1.0,
3001,evict,1.0,
3002,evict,1.0,
3003,evict,1.0,
3004,evict,1.0,
3005,evict,1.0,
3006,evict,1.0,
3007,evict,1.0,
3008,evict,1.0,
3009,evict,1.0,
3010,evict,1.0,
3011,evict,1.0,
3012,evict,1.0,
3013,evict,1.0,
3014,evict,1.0,
3015,evict,1.0,
3016,evict,1.0,
3017,evict,1.0,
3018,evict,1.0,
3019,evict,1.0,
3020,evict,1.0,
3021,evict,1.0,
3022,evict,1.0,
3023,evict,1.0,
3024,evict,1.0,
3025,evict,1.0,
3026,evict,1.0,
3027,evict,1.0,
3028,evict,1.0,
3029,evict,1.0,
3030,evict,1.0,
3031,evict,1.0,
3032,evict,1.0,
3033,evict,1.0,
3034,evict,1.0,
3035,evict,1.0,
3036,evict,1.0,
3037,evict,1.0,
3038,evict,1.0,
3039,evict,1.0,
3040,evict,1.0,
3041,evict,1.0,
3042,evict,1.0,
3043,evict,1.0,
3044,evict,1.0,
3045,evict,1.0,
3046,evict,1.0,
3047,evict,1.0,
3048,evict,1.0,
3049,evict,1.0,
3050,evict,1.0,
3051,evict,1.0,
3052,evict,1.0,
3053,evict,1.0,
3054,evict,1.0,
3055,evict,1.0,
3056,evict,1.0,
3057,evict,1.0,
3058,evict,1.0,
3059,evict,1.0,
3060,evict,1.0,
3061,evict,1.0,
3062,evict,1.0,
3063,evict,1.0,
3064,evict,1.0,
3065,evict,1.0,
3066,evict,1.0,
3067,evict,1.0,
3068,evict,1.0,
3069,evict,1.0,
3070,evict,1.0,
3071,evict,1.0,
3072,evict,1.0,
3073,evict,1.0,
3074,evict,1.0,
3075,evict,1.0,
3076,evict,1.0,
3077,evict,1.0,
3078,evict,1.0,
3079,evict,1.0,
3080,evict,1.0,
3081,evict,1.0,
3082,evict,1.0,
3083,evict,1.0,
3084,evict,1.0,
3085,evict,1.0,
3086,evict,1.0,
3087,evict,1.0,
3088,evict,1.0,
3089,evict,1.0,
3090,evict,1.0,
3091,evict,1.0,
3092,evict,1.0,
3093,evict,1.0,
3094,evict,1.0,
3095,evict,1.0,
3096,evict,1.0,
3097,evict,1.0,
3098,evict,1.0,
3099,evict,1.0,
3100,evict,1.0,
3101,evict,1.0,
3102,evict,1.0,
3103,evict,1.0,
3104,evict,1.0,
3105,evict,1.0,
3106,evict,1.0,
3107,evict,1.0,
3108,evict,1.0,
3109,evict,1.0,
3110,evict,1.0,
3111,evict,1.0,
3112,evict,1.0,
3113,evict,1.0,
3114,evict,1.0,
3115,evict,1.0,
3116,evict,1.0,
3117,evict,1.0,
3118,evict,1.0,
3119,evict,1.0,
3120,evict,1.0,
3121,evict,1.0,
3122,evict,1.0,
3123,evict,1.0,
3124,evict,1.0,
3125,evict,1.0,
3126,evict,1.0,
3127,evict,1.0,
3128,evict,1.0,
3129,evict,1.0,
3130,evict,1.0,
3131,evict,1.0,
3132,evict,1.0,
3133,evict,1.0,
3134,evict,1.0,
3135,evict,1.0,
3136,evict,1.0,
3137,evict,1.0,
3138,evict,1.0,
3139,evict,1.0,
3140,evict,1.0,
3141,evict,1.0,
3142,evict,1.0,
3143,evict,1.0,
3144,evict,1.0,
3145,evict,1.0,
3146,evict,1.0,
3147,evict,1.0,
3148,evict,1.0,
3149,evict,1.0,
3150,evict,1.0,
3151,evict,1.0,
3152,evict,1.0,
3153,evict,1.0,
3154,evict,1.0,
3155,evict,1.0,
3156,evict,1.0,
3157,evict,1.0,
3158,evict,1.0,
3159,evict,1.0,
3160,evict,1.0,
3161,evict,1.0,
3162,evict,1.0,
3163,evict,1.0,
3164,evict,1.0,
3165,evict,1.0,
3166,evict,1.0,
3167,evict,1.0,
3168,evict,1.0,
3169,evict,1.0,
3170,evict,1.0,
3171,evict,1.0,
3172,evict,1.0,
3173,evict,1.0,
3174,evict,1.0,
3175,evict,1.0,
3176,evict,1.0,
3177,evict,1.0,
3178,evict,1.0,
3179,evict,1.0,
3180,evict,1.0,
3181,evict,1.0,
3182,evict,1.0,
3183,evict,1.0,
3184,evict,1.0,
3185,evict,1.0,
3186,evict,1.0,
3187,evict,1.0,
3188,evict,1.0,
3189,evict,1.0,
3190,evict,1.0,
3191,evict,1.0,
3192,evict,1.0,
3193,evict,1.0,
3194,evict,1.0,
3195,evict,1.0,
3196,evict,1.0,
3197,evict,1.0,
3198,evict,1.0,
3199,evict,1.0,
3200,evict,1.0,
3201,evict,1.0,
3202,evict,1.0,
3203,evict,1.0,
3204,evict,1.0,
3205,evict,1.0,
3206,evict,1.0,
3207,evict,1.0,
3208,evict,1.0,
3209,evict,1.0,
3210,evict,1.0,
3211,evict,1.0,
3212,evict,1.0,
3213,evict,1.0,
3214,evict,1.0,
3215,evict,1.0,
3216,evict,1.0,
3217,evict,1.0,
3218,evict,1.0,
3219,evict,1.0,
3220,evict,1.0,
3221,evict,1.0,
3222,evict,1.0,
3223,evict,1.0,
3224,evict,1.0,
3225,evict,1.0,
3226,evict,1.0,
3227,evict,1.0,
3228,evict,1.0,
3229,evict,1.0,
3230,evict,1.0,
3231,evict,1.0,
3232,evict,1.0,
3233,evict,1.0,
3234,evict,1.0,
3235,evict,1.0,
3236,evict,1.0,
3237,evict,1.0,
3238,evict,1.0,
3239,evict,1.0,
3240,evict,1.0,
3241,evict,1.0,
3242,evict,1.0,
3243,evict,1.0,
3244,evict,1.0,
3245,evict,1.0,
3246,evict,1.0,
3247,evict,1.0,
3248,evict,1.0,
3249,evict,1.0,
3250,evict,1.0,
3251,evict,1.0,
3252,evict,1.0,
3253,evict,1.0,
3254,evict,1.0,
3255,evict,1.0,
3256,evict,1.0,
3257,evict,1.0,
3258,evict,1.0,
3259,evict,1.0,
3260,evict,1.0,
3261,evict,1.0,
3262,evict,1.0,
3263,evict,1.0,
3264,evict,1.0,
3265,evict,1.0,
3266,evict,1.0,
3267,evict,1.0,
3268,evict,1.0,
3269,evict,1.0,
3270,evict,1.0,
3271,evict,1.0,
3272,evict,1.0,
3273,evict,1.0,
3274,evict,1.0,
3275,evict,1.0,
3276,evict,1.0,
3277,evict,1.0,
3278,evict,1.0,
3279,evict,1.0,
3280,evict,1.0,
3281,evict,1.0,
3282,evict,1.0,
3283,evict,1.0,
3284,evict,1.0,
3285,evict,1.0,
3286,evict,1.0,
3287,evict,1.0,
3288,evict,1.0,
3289,evict,1.0,
3290,evict,1.0,
3291,evict,1.0,
3292,evict,1.0,
3293,evict,1.0,
3294,evict,1.0,
3295,evict,1.0,
3296,evict,1.0,
3297,evict,1.0,
3298,evict,1.0,
3299,evict,1.0,
3300,evict,1.0,
3301,evict,1.0,
3302,evict,1.0,
3303,evict,1.0,
3304,evict,1.0,
3305,evict,1.0,
3306,evict,1.0,
3307,evict,1.0,
3308,evict,1.0,
3309,evict,1.0,
3310,evict,1.0,
3311,evict,1.0,
3312,evict,1.0,
3313,evict,1.0,
3314,evict,1.0,
3315,evict,1.0,
3316,evict,1.0,
3317,evict,1.0,
3318,evict,1.0,
3319,evict,1.0,
3320,evict,1.0,
3321,evict,1.0,
3322,evict,1.0,
3323,evict,1.0,
3324,evict,1.0,
3325,evict,1.0,
3326,evict,1.0,
3327,evict,1.0,
3328,evict,1.0,
3329,evict,1.0,
3330,evict,1.0,
3331,evict,1.0,
3332,evict,1.0,
3333,evict,1.0,
3334,evict,1.0,
3335,evict,1.0,
3336,evict,1.0,
3337,evict,1.0,
3338,evict,1.0,
3339,evict,1.0,
3340,evict,1.0,
3341,evict,1.0,
3342,evict,1.0,
3343,evict,1.0,
3344,evict,1.0,
3345,evict,1.0,
3346,evict,1.0,
3347,evict,1.0,
3348,evict,1.0,
3349,evict,1.0,
3350,evict,1.0,
3351,evict,1.0,
3352,evict,1.0,
3353,evict,1.0,
3354,evict,1.0,
3355,evict,1.0,
3356,evict,1.0,
3357,evict,1.0,
3358,evict,1.0,
3359,evict,1.0,
3360,evict,1.0,
3361,evict,1.0,
3362,evict,1.0,
3363,evict,1.0,
3364,evict,1.0,
3365,evict,1.0,
3366,evict,1.0,
3367,evict,1.0,
3368,evict,1.0,
3369,evict,1.0,
3370,evict,1.0,
3371,evict,1.0,
3372,evict,1.0,
3373,evict,1.0,
3374,evict,1.0,
3375,evict,1.0,
3376,evict,1.0,
3377,evict,1.0,
3378,evict,1.0,
3379,evict,1.0,
3380,evict,1.0,
3381,evict,1.0,
3382,evict,1.0,
3383,evict,1.0,
3384,evict,1.0,
3385,evict,1.0,
3386,evict,1.0,
3387,evict,1.0,
3388,evict,1.0,
3389,evict,1.0,
3390,evict,1.0,
3391,evict,1.0,
3392,evict,1.0,
3393,evict,1.0,
3394,evict,1.0,
3395,evict,1.0,
3396,evict,1.0,
3397,evict,1.0,
3398,evict,1.0,
3399,evict,1.0,
3400,evict,1.0,
3401,evict,1.0,
3402,evict,1.0,
3403,evict,1.0,
3404,evict,1.0,
3405,evict,1.0,
3406,evict,1.0,
3407,evict,1.0,
3408,evict,1.0,
3409,evict,1.0,
3410,evict,1.0,
3411,evict,1.0,
3412,evict,1.0,
3413,evict,1.0,
3414,evict,1.0,
3415,evict,1.0,
3416,evict,1.0,
3417,evict,1.0,
3418,evict,1.0,
3419,evict,1.0,
3420,evict,1.0,
3421,evict,1.0,
3422,evict,1.0,
3423,evict,1.0,
3424,evict,1.0,
3425,evict,1.0,
3426,evict,1.0,
3427,evict,1.0,
3428,evict,1.0,
3429,evict,1.0,
3430,evict,1.0,
3431,evict,1.0,
3432,evict,1.0,
3433,evict,1.0,
3434,evict,1.0,
3435,evict,1.0,
3436,evict,1.0,
3437,evict,1.0,
3438,evict,1.0,
3439,evict,1.0,
3440,evict,1.0,
3441,evict,1.0,
3442,evict,1.0,
3443,evict,1.0,
3444,evict,1.0,
3445,evict,1.0,
3446,evict,1.0,
3447,evict,1.0,
3448,evict,1.0,
3449,evict,1.0,
3450,evict,1.0,
3451,evict,1.0,
3452,evict,1.0,
3453,evict,1.0,
3454,evict,1.0,
3455,evict,1.0,
3456,evict,1.0,
3457,evict,1.0,
3458,evict,1.0,
3459,evict,1.0,
3460,evict,1.0,
3461,evict,1.0,
3462,evict,1.0,
3463,evict,1.0,
3464,evict,1.0,
3465,evict,1.0,
3466,evict,1.0,
3467,evict,1.0,
3468,evict,1.0,
3469,evict,1.0,
3470,evict,1.0,
3471,evict,1.0,
3472,evict,1.0,
3473,evict,1.0,
3474,evict,1.0,
3475,evict,1.0,
3476,evict,1.0,
3477,evict,1.0,
3478,evict,1.0,
3479,evict,1.0,
3480,evict,1.0,
3481,evict,1.0,
3482,evict,1.0,
3483,evict,1.0,
3484,evict,1.0,
3485,evict,1.0,
3486,evict,1.0,
3487,evict,1.0,
3488,evict,1.0,
3489,evict,1.0,
3490,evict,1.0,
3491,evict,1.0,
3492,evict,1.0,
3493,evict,1.0,
3494,evict,1.0,
3495,evict,1.0,
3496,evict,1.0,
3497,evict,1.0,
3498,evict,1.0,
3499,evict,1.0,
3500,evict,1.0,
3501,evict,1.0,
3502,evict,1.0,
3503,evict,1.0,
3504,evict,1.0,
3505,evict,1.0,
3506,evict,1.0,
3507,evict,1.0,
3508,evict,1.0,
3509,evict,1.0,
3510,evict,1.0,
3511,evict,1.0,
3512,evict,1.0,
3513,evict,1.0,
3514,evict,1.0,
3515,evict,1.0,
3516,evict,1.0,
3517,evict,1.0,
3518,evict,1.0,
3519,evict,1.0,
3520,evict,1.0,
3521,evict,1.0,
3522,evict,1.0,
3523,evict,1.0,
3524,evict,1.0,
3525,evict,1.0,
3526,evict,1.0,
3527,evict,1.0,
3528,evict,1.0,
3529,evict,1.0,
3530,evict,1.0,
3531,evict,1.0,
3532,evict,1.0,
3533,evict,1.0,
3534,evict,1.0,
3535,evict,1.0,
3536,evict,1.0,
3537,evict,1.0,
3538,evict,1.0,
3539,evict,1.0,
3540,evict,1.0,
3541,evict,1.0,
3542,evict,1.0,
3543,evict,1.0,
3544,evict,1.0,
3545,evict,1.0,
3546,evict,1.0,
3547,evict,1.0,
3548,evict,1.0,
3549,evict,1.0,
3550,evict,1.0,
3551,evict,1.0,
3552,evict,1.0,
3553,evict,1.0,
3554,evict,1.0,
3555,evict,1.0,
3556,evict,1.0,
3557,evict,1.0,
3558,evict,1.0,
3559,evict,1.0,
3560,evict,1.0,
3561,evict,1.0,
3562,evict,1.0,
3563,evict,1.0,
3564,evict,1.0,
3565,evict,1.0,
3566,evict,1.0,
3567,evict,1.0,
3568,evict,1.0,
3569,evict,1.0,
3570,evict,1.0,
3571,evict,1.0,
3572,evict,1.0,
3573,evict,1.0,
3574,evict,1.0,
3575,evict,1.0,
3576,evict,1.0,
3577,evict,1.0,
3578,evict,1.0,
3579,evict,1.0,
3580,evict,1.0,
3581,evict,1.0,
3582,evict,1.0,
3583,evict,1.0,
3584,evict,1.0,
3585,evict,1.0,
3586,evict,1.0,
3587,evict,1.0,
3588,evict,1.0,
3589,evict,1.0,
3590,evict,1.0,
3591,evict,1.0,
3592,evict,1.0,
3593,evict,1.0,
3594,evict,1.0,
3595,evict,1.0,
3596,evict,1.0,
3597,evict,1.0,
3598,evict,1.0,
3599,evict,1.0,
3600,evict,1.0,
3601,evict,1.0,
3602,evict,1.0,
3603,evict,1.0,
3604,evict,1.0,
3605,evict,1.0,
3606,evict,1.0,
3607,evict,1.0,
3608,evict,1.0,
3609,evict,1.0,
3610,evict,1.0,
3611,evict,1.0,
3612,evict,1.0,
3613,evict,1.0,
3614,evict,1.0,
3615,evict,1.0,
3616,evict,1.0,
3617,evict,1.0,
3618,evict,1.0,
3619,evict,1.0,
3620,evict,1.0,
3621,evict,1.0,
3622,evict,1.0,
3623,evict,1.0,
3624,evict,1.0,
3625,evict,1.0,
3626,evict,1.0,
3627,evict,1.0,
3628,evict,1.0,
3629,evict,1.0,
3630,evict,1.0,
3631,evict,1.0,
3632,evict,1.0,
3633,evict,1.0,
3634,evict,1.0,
3635,evict,1.0,
3636,evict,1.0,
3637,evict,1.0,
3638,evict,1.0,
3639,evict,1.0,
3640,evict,1.0,
3641,evict,1.0,
3642,evict,1.0,
3643,evict,1.0,
3644,evict,1.0,
3645,evict,1.0,
3646,evict,1.0,
3647,evict,1.0,
3648,evict,1.0,
3649,evict,1.0,
3650,evict,1.0,
3651,evict,1.0,
3652,evict,1.0,
3653,evict,1.0,
3654,evict,1.0,
3655,evict,1.0,
3656,evict,1.0,
3657,evict,1.0,
3658,evict,1.0,
3659,evict,1.0,
3660,evict,1.0,
3661,evict,1.0,
3662,evict,1.0,
3663,evict,1.0,
3664,evict,1.0,
3665,evict,1.0,
3666,evict,1.0,
3667,evict,1.0,
3668,evict,1.0,
3669,evict,1.0,
3670,evict,1.0,
3671,evict,1.0,
3672,evict,1.0,
3673,evict,1.0,
3674,evict,1.0,
3675,evict,1.0,
3676,evict,1.0,
3677,evict,1.0,
3678,evict,1.0,
3679,evict,1.0,
3680,evict,1.0,
3681,evict,1.0,
3682,evict,1.0,
3683,evict,1.0,
3684,evict,1.0,
3685,evict,1.0,
3686,evict,1.0,
3687,evict,1.0,
3688,evict,1.0,
3689,evict,1.0,
3690,evict,1.0,
3691,evict,1.0,
3692,evict,1.0,
3693,evict,1.0,
3694,evict,1.0,
3695,evict,1.0,
3696,evict,1.0,
3697,evict,1.0,
3698,evict,1.0,
3699,evict,1.0,
3700,evict,1.0,
3701,evict,1.0,
3702,evict,1.0,
3703,evict,1.0,
3704,evict,1.0,
3705,evict,1.0,
3706,evict,1.0,
3707,evict,1.0,
3708,evict,1.0,
3709,evict,1.0,
3710,evict,1.0,
3711,evict,1.0,
3712,evict,1.0,
3713,evict,1.0,
3714,evict,1.0,
3715,evict,1.0,
3716,evict,1.0,
3717,evict,1.0,
3718,evict,1.0,
3719,evict,1.0,
3720,evict,1.0,
3721,evict,1.0,
3722,evict,1.0,
3723,evict,1.0,
3724,evict,1.0,
3725,evict,1.0,
3726,evict,1.0,
3727,evict,1.0,
3728,evict,1.0,
3729,evict,1.0,
3730,evict,1.0,
3731,evict,1.0,
3732,evict,1.0,
3733,evict,1.0,
3734,evict,1.0,
3735,evict,1.0,
3736,evict,1.0,
3737,evict,1.0,
3738,evict,1.0,
3739,evict,1.0,
3740,evict,1.0,
3741,evict,1.0,
3742,evict,1.0,
3743,evict,1.0,
3744,evict,1.0,
3745,evict,1.0,
3746,evict,1.0,
3747,evict,1.0,
3748,evict,1.0,
3749,evict,1.0,
3750,evict,1.0,
3751,evict,1.0,
3752,evict,1.0,
3753,evict,1.0,
3754,evict,1.0,
3755,evict,1.0,
3756,evict,1.0,
3757,evict,1.0,
3758,evict,1.0,
3759,evict,1.0,
3760,evict,1.0,
3761,evict,1.0,
3762,evict,1.0,
3763,evict,1.0,
3764,evict,1.0,
3765,evict,1.0,
3766,evict,1.0,
3767,evict,1.0,
3768,evict,1.0,
3769,evict,1.0,
3770,evict,1.0,
3771,evict,1.0,
3772,evict,1.0,
3773,evict,1.0,
3774,evict,1.0,
3775,evict,1.0,
3776,evict,1.0,
3777,evict,1.0,
3778,evict,1.0,
3779,evict,1.0,
3780,evict,1.0,
3781,evict,1.0,
3782,evict,1.0,
3783,evict,1.0,
3784,evict,1.0,
3785,evict,1.0,
3786,evict,1.0,
3787,evict,1.0,
3788,evict,1.0,
3789,evict,1.0,
3790,evict,1.0,
3791,evict,1.0,
3792,evict,1.0,
3793,evict,1.0,
3794,evict,1.0,
3795,evict,1.0,
3796,evict,1.0,
3797,evict,1.0,
3798,evict,1.0,
3799,evict,1.0,
3800,evict,1.0,
3801,evict,1.0,
3802,evict,1.0,
3803,evict,1.0,
3804,evict,1.0,
3805,evict,1.0,
3806,evict,1.0,
3807,evict,1.0,
3808,evict,1.0,
3809,evict,1.0,
3810,evict,1.0,
3811,evict,1.0,
3812,evict,1.0,
3813,evict,1.0,
3814,evict,1.0,
3815,evict,1.0,
3816,evict,1.0,
3817,evict,1.0,
3818,evict,1.0,
3819,evict,1.0,
3820,evict,1.0,
3821,evict,1.0,
3822,evict,1.0,
3823,evict,1.0,
3824,evict,1.0,
3825,evict,1.0,
3826,evict,1.0,
3827,evict,1.0,
3828,evict,1.0,
3829,evict,1.0,
3830,evict,1.0,
3831,evict,1.0,
3832,evict,1.0,
3833,evict,1.0,
3834,evict,1.0,
3835,evict,1.0,
3836,evict,1.0,
3837,evict,1.0,
3838,evict,1.0,
3839,evict,1.0,
3840,evict,1.0,
3841,evict,1.0,
3842,evict,1.0,
3843,evict,1.0,
3844,evict,1.0,
3845,evict,1.0,
3846,evict,1.0,
3847,evict,1.0,
3848,evict,1.0,
3849,evict,1.0,
3850,evict,1.0,
3851,evict,1.0,
3852,evict,1.0,
3853,evict,1.0,
3854,evict,1.0,
3855,evict,1.0,
3856,evict,1.0,
3857,evict,1.0,
3858,evict,1.0,
3859,evict,1.0,
3860,evict,1.0,
3861,evict,1.0,
3862,evict,1.0,
3863,evict,1.0,
3864,evict,1.0,
3865,evict,1.0,
3866,evict,1.0,
3867,evict,1.0,
3868,evict,1.0,
3869,evict,1.0,
3870,evict,1.0,
3871,evict,1.0,
3872,evict,1.0,
3873,evict,1.0,
3874,evict,1.0,
3875,evict,1.0,
3876,evict,1.0,
3877,evict,1.0,
3878,evict,1.0,
3879,evict,1.0,
3880,evict,1.0,
3881,evict,1.0,
3882,evict,1.0,
3883,evict,1.0,
3884,evict,1.0,
3885,evict,1.0,
3886,evict,1.0,
3887,evict,1.0,
3888,evict,1.0,
3889,evict,1.0,
3890,evict,1.0,
3891,evict,1.0,
3892,evict,1.0,
3893,evict,1.0,
3894,evict,1.0,
3895,evict,1.0,
3896,evict,1.0,
3897,evict,1.0,
3898,evict,1.0,
3899,evict,1.0,
3900,evict,1.0,
3901,evict,1.0,
3902,evict,1.0,
3903,evict,1.0,
3904,evict,1.0,
3905,evict,1.0,
3906,evict,1.0,
3907,evict,1.0,
3908,evict,1.0,
3909,evict,1.0,
3910,evict,1.0,
3911,evict,1.0,
3912,evict,1.0,
3913,evict,1.0,
3914,evict,1.0,
3915,evict,1.0,
3916,evict,1.0,
3917,evict,1.0,
3918,evict,1.0,
3919,evict,1.0,
3920,evict,1.0,
3921,evict,1.0,
3922,evict,1.0,
3923,evict,1.0,
3924,evict,1.0,
3925,evict,1.0,
3926,evict,1.0,
3927,evict,1.0,
3928,evict,1.0,
3929,evict,1.0,
3930,evict,1.0,
3931,evict,1.0,
3932,evict,1.0,
3933,evict,1.0,
3934,evict,1.0,
3935,evict,1.0,
3936,evict,1.0,
3937,evict,1.0,
3938,evict,1.0,
3939,evict,1.0,
3940,evict,1.0,
3941,evict,1.0,
3942,evict,1.0,
3943,evict,1.0,
3944,evict,1.0,
3945,evict,1.0,
3946,evict,1.0,
3947,evict,1.0,
3948,evict,1.0,
3949,evict,1.0,
3950,evict,1.0,
3951,evict,1.0,
3952,evict,1.0,
3953,evict,1.0,
3954,evict,1.0,
3955,evict,1.0,
3956,evict,1.0,
3957,evict,1.0,
3958,evict,1.0,
3959,evict,1.0,
3960,evict,1.0,
3961,evict,1.0,
3962,evict,1.0,
3963,evict,1.0,
3964,evict,1.0,
3965,evict,1.0,
3966,evict,1.0,
3967,evict,1.0,
3968,evict,1.0,
3969,evict,1.0,
3970,evict,1.0,
3971,evict,1.0,
3972,evict,1.0,
3973,evict,1.0,
3974,evict,1.0,
3975,evict,1.0,
3976,evict,1.0,
3977,evict,1.0,
3978,evict,1.0,
3979,evict,1.0,
3980,evict,1.0,
3981,evict,1.0,
3982,evict,1.0,
3983,evict,1.0,
3984,evict,1.0,
3985,evict,1.0,
3986,evict,1.0,
3987,evict,1.0,
3988,evict,1.0,
3989,evict,1.0,
3990,evict,1.0,
3991,evict,1.0,
3992,evict,1.0,
3993,evict,1.0,
3994,evict,1.0,
3995,evict,1.0,
3996,evict,1.0,
3997,evict,1.0,
3998,evict,1.0,
3999,evict,1.0,
4000,evict,1.0,
4001,evict,1.0,
4002,evict,1.0,
4003,evict,1.0,
4004,evict,1.0,
4005,evict,1.0,
4006,evict,1.0,
4007,evict,1.0,
4008,evict,1.0,
4009,evict,1.0,
4010,evict,1.0,
4011,evict,1.0,
4012,evict,1.0,
4013,evict,1.0,
4014,evict,1.0,
4015,evict,1.0,
4016,evict,1.0,
4017,evict,1.0,
4018,evict,1.0,
4019,evict,1.0,
4020,evict,1.0,
4021,evict,1.0,
4022,evict,1.0,
4023,evict,1.0,
4024,evict,1.0,
4025,evict,1.0,
4026,evict,1.0,
4027,evict,1.0,
4028,evict,1.0,
4029,evict,1.0,
4030,evict,1.0,
4031,evict,1.0,
4032,evict,1.0,
4033,evict,1.0,
4034,evict,1.0,
4035,evict,1.0,
4036,evict,1.0,
4037,evict,1.0,
4038,evict,1.0,
4039,evict,1.0,
4040,evict,1.0,
4041,evict,1.0,
4042,evict,1.0,
4043,evict,1.0,
4044,evict,1.0,
4045,evict,1.0,
4046,evict,1.0,
4047,evict,1.0,
4048,evict,1.0,
4049,evict,1.0,
4050,evict,1.0,
4051,evict,1.0,
4052,evict,1.0,
4053,evict,1.0,
4054,evict,1.0,
4055,evict,1.0,
4056,evict,1.0,
4057,evict,1.0,
4058,evict,1.0,
4059,evict,1.0,
4060,evict,1.0,
4061,evict,1.0,
4062,evict,1.0,
4063,evict,1.0,
4064,evict,1.0,
4065,evict,1.0,
4066,evict,1.0,
4067,evict,1.0,
4068,evict,1.0,
4069,evict,1.0,
4070,evict,1.0,
4071,evict,1.0,
4072,evict,1.0,
4073,evict,1.0,
4074,evict,1.0,
4075,evict,1.0,
4076,evict,1.0,
4077,evict,1.0,
4078,evict,1.0,
4079,evict,1.0,
4080,evict,1.0,
4081,evict,1.0,
4082,evict,1.0,
4083,evict,1.0,
4084,evict,1.0,
4085,evict,1.0,
4086,evict,1.0,
4087,evict,1.0,
4088,evict,1.0,
4089,evict,1.0,
4090,evict,1.0,
4091,evict,1.0,
4092,evict,1.0,
4093,evict,1.0,
4094,evict,1.0,
4095,evict,1.0,
4096,evict,1.0,
4097,evict,1.0,
4098,evict,1.0,
4099,evict,1.0,
4100,evict,1.0,
4101,evict,1.0,
4102,evict,1.0,
4103,evict,1.0,
4104,evict,1.0,
4105,evict,1.0,
4106,evict,1.0,
4107,evict,1.0,
4108,evict,1.0,
4109,evict,1.0,
4110,evict,1.0,
4111,evict,1.0,
4112,evict,1.0,
4113,evict,1.0,
4114,evict,1.0,
4115,evict,1.0,
4116,evict,1.0,
4117,evict,1.0,
4118,evict,1.0,
4119,evict,1.0,
4120,evict,1.0,
4121,evict,1.0,
4122,evict,1.0,
4123,evict,1.0,
4124,evict,1.0,
4125,evict,1.0,
4126,evict,1.0,
4127,evict,1.0,
4128,evict,1.0,
4129,evict,1.0,
4130,evict,1.0,
4131,evict,1.0,
4132,evict,1.0,
4133,evict,1.0,
4134,evict,1.0,
4135,evict,1.0,
4136,evict,1.0,
4137,evict,1.0,
4138,evict,1.0,
4139,evict,1.0,
4140,evict,1.0,
4141,evict,1.0,
4142,evict,1.0,
4143,evict,1.0,
4144,evict,1.0,
4145,evict,1.0,
4146,evict,1.0,
4147,evict,1.0,
4148,evict,1.0,
4149,evict,1.0,
4150,evict,1.0,
4151,evict,1.0,
4152,evict,1.0,
4153,evict,1.0,
4154,evict,1.0,
4155,evict,1.0,
4156,evict,1.0,
4157,evict,1.0,
4158,evict,1.0,
4159,evict,1.0,
4160,evict,1.0,
4161,evict,1.0,
4162,evict,1.0,
4163,evict,1.0,
4164,evict,1.0,
4165,evict,1.0,
4166,evict,1.0,
4167,evict,1.0,
4168,evict,1.0,
4169,evict,1.0,
4170,evict,1.0,
4171,evict,1.0,
4172,evict,1.0,
4173,evict,1.0,
4174,evict,1.0,
4175,evict,1.0,
4176,evict,1.0,
4177,evict,1.0,
4178,evict,1.0,
4179,evict,1.0,
4180,evict,1.0,
4181,evict,1.0,
4182,evict,1.0,
4183,evict,1.0,
4184,evict,1.0,
4185,evict,1.0,
4186,evict,1.0,
4187,evict,1.0,
4188,evict,1.0,
4189,evict,1.0,
4190,evict,1.0,
4191,evict,1.0,
4192,evict,1.0,
4193,evict,1.0,
4194,evict,1.0,
4195,evict,1.0,
4196,evict,1.0,
4197,evict,1.0,
4198,evict,1.0,
4199,evict,1.0,
4200,evict,1.0,
4201,evict,1.0,
4202,evict,1.0,
4203,evict,1.0,
4204,evict,1.0,
4205,evict,1.0,
4206,evict,1.0,
4207,evict,1.0,
4208,evict,1.0,
4209,evict,1.0,
4210,evict,1.0,
4211,evict,1.0,
4212,evict,1.0,
4213,evict,1.0,
4214,evict,1.0,
4215,evict,1.0,
4216,evict,1.0,
4217,evict,1.0,
4218,evict,1.0,
4219,evict,1.0,
4220,evict,1.0,
4221,evict,1.0,
4222,evict,1.0,
4223,evict,1.0,
4224,evict,1.0,
4225,evict,1.0,
4226,evict,1.0,
4227,evict,1.0,
4228,evict,1.0,
4229,evict,1.0,
4230,evict,1.0,
4231,evict,1.0,
4232,evict,1.0,
4233,evict,1.0,
4234,evict,1.0,
4235,evict,1.0,
4236,evict,1.0,
4237,evict,1.0,
4238,evict,1.0,
4239,evict,1.0,
4240,evict,1.0,
4241,evict,1.0,
4242,evict,1.0,
4243,evict,1.0,
4244,evict,1.0,
4245,evict,1.0,
4246,evict,1.0,
4247,evict,1.0,
4248,evict,1.0,
4249,evict,1.0,
4250,evict,1.0,
4251,evict,1.0,
4252,evict,1.0,
4253,evict,1.0,
4254,evict,1.0,
4255,evict,1.0,
4256,evict,1.0,
4257,evict,1.0,
4258,evict,1.0,
4259,evict,1.0,
4260,evict,1.0,
4261,evict,1.0,
4262,evict,1.0,
4263,evict,1.0,
4264,evict,1.0,
4265,evict,1.0,
4266,evict,1.0,
4267,evict,1.0,
4268,evict,1.0,
4269,evict,1.0,
4270,evict,1.0,
4271,evict,1.0,
4272,evict,1.0,
4273,evict,1.0,
4274,evict,1.0,
4275,evict,1.0,
4276,evict,1.0,
4277,evict,1.0,
4278,evict,1.0,
4279,evict,1.0,
4280,evict,1.0,
4281,evict,1.0,
4282,evict,1.0,
4283,evict,1.0,
4284,evict,1.0,
4285,evict,1.0,
4286,evict,1.0,
4287,evict,1.0,
4288,evict,1.0,
4289,evict,1.0,
4290,evict,1.0,
4291,evict,1.0,
4292,evict,1.0,
4293,evict,1.0,
4294,evict,1.0,
4295,evict,1.0,
4296,evict,1.0,
4297,evict,1.0,
4298,evict,1.0,
4299,evict,1.0,
4300,evict,1.0,
4301,evict,1.0,
4302,evict,1.0,
4303,evict,1.0,
4304,evict,1.0,
4305,evict,1.0,
4306,evict,1.0,
4307,evict,1.0,
4308,evict,1.0,
4309,evict,1.0,
4310,evict,1.0,
4311,evict,1.0,
4312,evict,1.0,
4313,evict,1.0,
4314,evict,1.0,
4315,evict,1.0,
4316,evict,1.0,
4317,evict,1.0,
4318,evict,1.0,
4319,evict,1.0,
4320,evict,1.0,
4321,evict,1.0,
4322,evict,1.0,
4323,evict,1.0,
4324,evict,1.0,
4325,evict,1.0,
4326,evict,1.0,
4327,evict,1.0,
4328,evict,1.0,
4329,evict,1.0,
4330,evict,1.0,
4331,evict,1.0,
4332,evict,1.0,
4333,evict,1.0,
4334,evict,1.0,
4335,evict,1.0,
4336,evict,1.0,
4337,evict,1.0,
4338,evict,1.0,
4339,evict,1.0,
4340,evict,1.0,
4341,evict,1.0,
4342,evict,1.0,
4343,evict,1.0,
4344,evict,1.0,
4345,evict,1.0,
4346,evict,1.0,
4347,evict,1.0,
4348,evict,1.0,
4349,evict,1.0,
4350,evict,1.0,
4351,evict,1.0,
4352,evict,1.0,
4353,evict,1.0,
4354,evict,1.0,
4355,evict,1.0,
4356,evict,1.0,
4357,evict,1.0,
4358,evict,1.0,
4359,evict,1.0,
4360,evict,1.0,
4361,evict,1.0,
4362,evict,1.0,
4363,evict,1.0,
4364,evict,1.0,
4365,evict,1.0,
4366,evict,1.0,
4367,evict,1.0,
4368,evict,1.0,
4369,evict,1.0,
4370,evict,1.0,
4371,evict,1.0,
4372,evict,1.0,
4373,evict,1.0,
4374,evict,1.0,
4375,evict,1.0,
4376,evict,1.0,
4377,evict,1.0,
4378,evict,1.0,
4379,evict,1.0,
4380,evict,1.0,
4381,evict,1.0,
4382,evict,1.0,
4383,evict,1.0,
4384,evict,1.0,
4385,evict,1.0,
4386,evict,1.0,
4387,evict,1.0,
4388,evict,1.0,
4389,evict,1.0,
4390,evict,1.0,
4391,evict,1.0,
4392,evict,1.0,
4393,evict,1.0,
4394,evict,1.0,
4395,evict,1.0,
4396,evict,1.0,
4397,evict,1.0,
4398,evict,1.0,
4399,evict,1.0,
4400,evict,1.0,
4401,evict,1.0,
4402,evict,1.0,
4403,evict,1.0,
4404,evict,1.0,
4405,evict,1.0,
4406,evict,1.0,
4407,evict,1.0,
4408,evict,1.0,
4409,evict,1.0,
4410,evict,1.0,
4411,evict,1.0,
4412,evict,1.0,
4413,evict,1.0,
4414,evict,1.0,
4415,evict,1.0,
4416,evict,1.0,
4417,evict,1.0,
4418,evict,1.0,
4419,evict,1.0,
4420,evict,1.0,
4421,evict,1.0,
4422,evict,1.0,
4423,evict,1.0,
4424,evict,1.0,
4425,evict,1.0,
4426,evict,1.0,
4427,evict,1.0,
4428,evict,1.0,
4429,evict,1.0,
4430,evict,1.0,
4431,evict,1.0,
4432,evict,1.0,
4433,evict,1.0,
4434,evict,1.0,
4435,evict,1.0,
4436,evict,1.0,
4437,evict,1.0,
4438,evict,1.0,
4439,evict,1.0,
4440,evict,1.0,
4441,evict,1.0,
4442,evict,1.0,
4443,evict,1.0,
4444,evict,1.0,
4445,evict,1.0,
4446,evict,1.0,
4447,evict,1.0,
4448,evict,1.0,
4449,evict,1.0,
4450,evict,1.0,
4451,evict,1.0,
4452,evict,1.0,
4453,evict,1.0,
4454,evict,1.0,
4455,evict,1.0,
4456,evict,1.0,
4457,evict,1.0,
4458,evict,1.0,
4459,evict,1.0,
4460,evict,1.0,
4461,evict,1.0,
4462,evict,1.0,
4463,evict,1.0,
4464,evict,1.0,
4465,evict,1.0,
4466,evict,1.0,
4467,evict,1.0,
4468,evict,1.0,
4469,evict,1.0,
4470,evict,1.0,
4471,evict,1.0,
4472,evict,1.0,
4473,evict,1.0,
4474,evict,1.0,
4475,evict,1.0,
4476,evict,1.0,
4477,evict,1.0,
4478,evict,1.0,
4479,evict,1.0,
4480,evict,1.0,
4481,evict,1.0,
4482,evict,1.0,
4483,evict,1.0,
4484,evict,1.0,
4485,evict,1.0,
4486,evict,1.0,
4487,evict,1.0,
4488,evict,1.0,
4489,evict,1.0,
4490,evict,1.0,
4491,evict,1.0,
4492,evict,1.0,
4493,evict,1.0,
4494,evict,1.0,
4495,evict,1.0,
4496,evict,1.0,
4497,evict,1.0,
4498,evict,1.0,
4499,evict,1.0,
4500,evict,1.0,
4501,evict,1.0,
4502,evict,1.0,
4503,evict,1.0,
4504,evict,1.0,
4505,evict,1.0,
4506,evict,1.0,
4507,evict,1.0,
4508,evict,1.0,
4509,evict,1.0,
4510,evict,1.0,
4511,evict,1.0,
4512,evict,1.0,
4513,evict,1.0,
4514,evict,1.0,
4515,evict,1.0,
4516,evict,1.0,
4517,evict,1.0,
4518,evict,1.0,
4519,evict,1.0,
4520,evict,1.0,
4521,evict,1.0,
4522,evict,1.0,
4523,evict,1.0,
4524,evict,1.0,
4525,evict,1.0,
4526,evict,1.0,
4527,evict,1.0,
4528,evict,1.0,
4529,evict,1.0,
4530,evict,1.0,
4531,evict,1.0,
4532,evict,1.0,
4533,evict,1.0,
4534,evict,1.0,
4535,evict,1.0,
4536,evict,1.0,
4537,evict,1.0,
4538,evict,1.0,
4539,evict,1.0,
4540,evict,1.0,
4541,evict,1.0,
4542,evict,1.0,
4543,evict,1.0,
4544,evict,1.0,
4545,evict,1.0,
4546,evict,1.0,
4547,evict,1.0,
4548,evict,1.0,
4549,evict,1.0,
4550,evict,1.0,
4551,evict,1.0,
4552,evict,1.0,
4553,evict,1.0,
4554,evict,1.0,
4555,evict,1.0,
4556,evict,1.0,
4557,evict,1.0,
4558,evict,1.0,
4559,evict,1.0,
4560,evict,1.0,
4561,evict,1.0,
4562,evict,1.0,
4563,evict,1.0,
4564,evict,1.0,
4565,evict,1.0,
4566,evict,1.0,
4567,evict,1.0,
4568,evict,1.0,
4569,evict,1.0,
4570,evict,1.0,
4571,evict,1.0,
4572,evict,1.0,
4573,evict,1.0,
4574,evict,1.0,
4575,evict,1.0,
4576,evict,1.0,
4577,evict,1.0,
4578,evict,1.0,
4579,evict,1.0,
4580,evict,1.0,
4581,evict,1.0,
4582,evict,1.0,
4583,evict,1.0,
4584,evict,1.0,
4585,evict,1.0,
4586,evict,1.0,
4587,evict,1.0,
4588,evict,1.0,
4589,evict,1.0,
4590,evict,1.0,
4591,evict,1.0,
4592,evict,1.0,
4593,evict,1.0,
4594,evict,1.0,
4595,evict,1.0,
4596,evict,1.0,
4597,evict,1.0,
4598,evict,1.0,
4599,evict,1.0,
4600,evict,1.0,
4601,evict,1.0,
4602,evict,1.0,
4603,evict,1.0,
4604,evict,1.0,
4605,evict,1.0,
4606,evict,1.0,
4607,evict,1.0,
4608,evict,1.0,
4609,evict,1.0,
4610,evict,1.0,
4611,evict,1.0,
4612,evict,1.0,
4613,evict,1.0,
4614,evict,1.0,
4615,evict,1.0,
4616,evict,1.0,
4617,evict,1.0,
4618,evict,1.0,
4619,evict,1.0,
4620,evict,1.0,
4621,evict,1.0,
4622,evict,1.0,
4623,evict,1.0,
4624,evict,1.0,
4625,evict,1.0,
4626,evict,1.0,
4627,evict,1.0,
4628,evict,1.0,
4629,evict,1.0,
4630,evict,1.0,
4631,evict,1.0,
4632,evict,1.0,
4633,evict,1.0,
4634,evict,1.0,
4635,evict,1.0,
4636,evict,1.0,
4637,evict,1.0,
4638,evict,1.0,
4639,evict,1.0,
4640,evict,1.0,
4641,evict,1.0,
4642,evict,1.0,
4643,evict,1.0,
4644,evict,1.0,
4645,evict,1.0,
4646,evict,1.0,
4647,evict,1.0,
4648,evict,1.0,
4649,evict,1.0,
4650,evict,1.0,
4651,evict,1.0,
4652,evict,1.0,
4653,evict,1.0,
4654,evict,1.0,
4655,evict,1.0,
4656,evict,1.0,
4657,evict,1.0,
4658,evict,1.0,
4659,evict,1.0,
4660,evict,1.0,
4661,evict,1.0,
4662,evict,1.0,
4663,evict,1.0,
4664,evict,1.0,
4665,evict,1.0,
4666,evict,1.0,
4667,evict,1.0,
4668,evict,1.0,
4669,evict,1.0,
4670,evict,1.0,
4671,evict,1.0,
4672,evict,1.0,
4673,evict,1.0,
4674,evict,1.0,
4675,evict,1.0,
4676,evict,1.0,
4677,evict,1.0,
4678,evict,1.0,
4679,evict,1.0,
4680,evict,1.0,
4681,evict,1.0,
4682,evict,1.0,
4683,evict,1.0,
4684,evict,1.0,
4685,evict,1.0,
4686,evict,1.0,
4687,evict,1.0,
4688,evict,1.0,
4689,evict,1.0,
4690,evict,1.0,
4691,evict,1.0,
4692,evict,1.0,
4693,evict,1.0,
4694,evict,1.0,
4695,evict,1.0,
4696,evict,1.0,
4697,evict,1.0,
4698,evict,1.0,
4699,evict,1.0,
4700,evict,1.0,
4701,evict,1.0,
4702,evict,1.0,
4703,evict,1.0,
4704,evict,1.0,
4705,evict,1.0,
4706,evict,1.0,
4707,evict,1.0,
4708,evict,1.0,
4709,evict,1.0,
4710,evict,1.0,
4711,evict,1.0,
4712,evict,1.0,
4713,evict,1.0,
4714,evict,1.0,
4715,evict,1.0,
4716,evict,1.0,
4717,evict,1.0,
4718,evict,1.0,
4719,evict,1.0,
4720,evict,1.0,
4721,evict,1.0,
4722,evict,1.0,
4723,evict,1.0,
4724,evict,1.0,
4725,evict,1.0,
4726,evict,1.0,
4727,evict,1.0,
4728,evict,1.0,
4729,evict,1.0,
4730,evict,1.0,
4731,evict,1.0,
4732,evict,1.0,
4733,evict,1.0,
4734,evict,1.0,
4735,evict,1.0,
4736,evict,1.0,
4737,evict,1.0,
4738,evict,1.0,
4739,evict,1.0,
4740,evict,1.0,
4741,evict,1.0,
4742,evict,1.0,
4743,evict,1.0,
4744,evict,1.0,
4745,evict,1.0,
4746,evict,1.0,
4747,evict,1.0,
4748,evict,1.0,
4749,evict,1.0,
4750,evict,1.0,
4751,evict,1.0,
4752,evict,1.0,
4753,evict,1.0,
4754,evict,1.0,
4755,evict,1.0,
4756,evict,1.0,
4757,evict,1.0,
4758,evict,1.0,
4759,evict,1.0,
4760,evict,1.0,
4761,evict,1.0,
4762,evict,1.0,
4763,evict,1.0,
4764,evict,1.0,
4765,evict,1.0,
4766,evict,1.0,
4767,evict,1.0,
4768,evict,1.0,
4769,evict,1.0,
4770,evict,1.0,
4771,evict,1.0,
4772,evict,1.0,
4773,evict,1.0,
4774,evict,1.0,
4775,evict,1.0,
4776,evict,1.0,
4777,evict,1.0,
4778,evict,1.0,
4779,evict,1.0,
4780,evict,1.0,
4781,evict,1.0,
4782,evict,1.0,
4783,evict,1.0,
4784,evict,1.0,
4785,evict,1.0,
4786,evict,1.0,
4787,evict,1.0,
4788,evict,1.0,
4789,evict,1.0,
4790,evict,1.0,
4791,evict,1.0,
4792,evict,1.0,
4793,evict,1.0,
4794,evict,1.0,
4795,evict,1.0,
4796,evict,1.0,
4797,evict,1.0,
4798,evict,1.0,
4799,evict,1.0,
4800,evict,1.0,
4801,evict,1.0,
4802,evict,1.0,
4803,evict,1.0,
4804,evict,1.0,
4805,evict,1.0,
4806,evict,1.0,
4807,evict,1.0,
4808,evict,1.0,
4809,evict,1.0,
4810,evict,1.0,
4811,evict,1.0,
4812,evict,1.0,
4813,evict,1.0,
4814,evict,1.0,
4815,evict,1.0,
4816,evict,1.0,
4817,evict,1.0,
4818,evict,1.0,
4819,evict,1.0,
4820,evict,1.0,
4821,evict,1.0,
4822,evict,1.0,
4823,evict,1.0,
4824,evict,1.0,
4825,evict,1.0,
4826,evict,1.0,
4827,evict,1.0,
4828,evict,1.0,
4829,evict,1.0,
4830,evict,1.0,
4831,evict,1.0,
4832,evict,1.0,
4833,evict,1.0,
4834,evict,1.0,
4835,evict,1.0,
4836,evict,1.0,
4837,evict,1.0,
4838,evict,1.0,
4839,evict,1.0,
4840,evict,1.0,
4841,evict,1.0,
4842,evict,1.0,
4843,evict,1.0,
4844,evict,1.0,
4845,evict,1.0,
4846,evict,1.0,
4847,evict,1.0,
4848,evict,1.0,
4849,evict,1.0,
4850,evict,1.0,
4851,evict,1.0,
4852,evict,1.0,
4853,evict,1.0,
4854,evict,1.0,
4855,evict,1.0,
4856,evict,1.0,
4857,evict,1.0,
4858,evict,1.0,
4859,evict,1.0,
4860,evict,1.0,
4861,evict,1.0,
4862,evict,1.0,
4863,evict,1.0,
4864,evict,1.0,
4865,evict,1.0,
4866,evict,1.0,
4867,evict,1.0,
4868,evict,1.0,
4869,evict,1.0,
4870,evict,1.0,
4871,evict,1.0,
4872,evict,1.0,
4873,evict,1.0,
4874,evict,1.0,
4875,evict,1.0,
4876,evict,1.0,
4877,evict,1.0,
4878,evict,1.0,
4879,evict,1.0,
4880,evict,1.0,
4881,evict,1.0,
4882,evict,1.0,
4883,evict,1.0,
4884,evict,1.0,
4885,evict,1.0,
4886,evict,1.0,
4887,evict,1.0,
4888,evict,1.0,
4889,evict,1.0,
4890,evict,1.0,
4891,evict,1.0,
4892,evict,1.0,
4893,evict,1.0,
4894,evict,1.0,
4895,evict,1.0,
4896,evict,1.0,
4897,evict,1.0,
4898,evict,1.0,
4899,evict,1.0,
4900,evict,1.0,
4901,evict,1.0,
4902,evict,1.0,
4903,evict,1.0,
4904,evict,1.0,
4905,evict,1.0,
4906,evict,1.0,
4907,evict,1.0,
4908,evict,1.0,
4909,evict,1.0,
4910,evict,1.0,
4911,evict,1.0,
4912,evict,1.0,
4913,evict,1.0,
4914,evict,1.0,
4915,evict,1.0,
4916,evict,1.0,
4917,evict,1.0,
4918,evict,1.0,
4919,evict,1.0,
4920,evict,1.0,
4921,evict,1.0,
4922,evict,1.0,
4923,evict,1.0,
4924,evict,1.0,
4925,evict,1.0,
4926,evict,1.0,
4927,evict,1.0,
4928,evict,1.0,
4929,evict,1.0,
4930,evict,1.0,
4931,evict,1.0,
4932,evict,1.0,
4933,evict,1.0,
4934,evict,1.0,
4935,evict,1.0,
4936,evict,1.0,
4937,evict,1.0,
4938,evict,1.0,
4939,evict,1.0,
4940,evict,1.0,
4941,evict,1.0,
4942,evict,1.0,
4943,evict,1.0,
4944,evict,1.0,
4945,evict,1.0,
4946,evict,1.0,
4947,evict,1.0,
4948,evict,1.0,
4949,evict,1.0,
4950,evict,1.0,
4951,evict,1.0,
4952,evict,1.0,
4953,evict,1.0,
4954,evict,1.0,
4955,evict,1.0,
4956,evict,1.0,
4957,evict,1.0,
4958,evict,1.0,
4959,evict,1.0,
4960,evict,1.0,
4961,evict,1.0,
4962,evict,1.0,
4963,evict,1.0,
4964,evict,1.0,
4965,evict,1.0,
4966,evict,1.0,
4967,evict,1.0,
4968,evict,1.0,
4969,evict,1.0,
4970,evict,1.0,
4971,evict,1.0,
4972,evict,1.0,
4973,evict,1.0,
4974,evict,1.0,
4975,evict,1.0,
4976,evict,1.0,
4977,evict,1.0,
4978,evict,1.0,
4979,evict,1.0,
4980,evict,1.0,
4981,evict,1.0,
4982,evict,1.0,
4983,evict,1.0,
4984,evict,1.0,
4985,evict,1.0,
4986,evict,1.0,
4987,evict,1.0,
4988,evict,1.0,
4989,evict,1.0,
4990,evict,1.0,
4991,evict,1.0,
4992,evict,1.0,
4993,evict,1.0,
4994,evict,1.0,
4995,evict,1.0,
4996,evict,1.0,
4997,evict,1.0,
4998,evict,1.0,
4999,evict,1.0,
5000,evict,1.0,
5001,evict,1.0,
5002,evict,1.0,
5003,evict,1.0,
5004,evict,1.0,
5005,evict,1.0,
5006,evict,1.0,
5007,evict,1.0,
5008,evict,1.0,
5009,evict,1.0,
5010,evict,1.0,
5011,evict,1.0,
5012,evict,1.0,
5013,evict,1.0,
5014,evict,1.0,
5015,evict,1.0,
5016,evict,1.0,
5017,evict,1.0,
5018,evict,1.0,
5019,evict,1.0,
5020,evict,1.0,
5021,evict,1.0,
5022,evict,1.0,
5023,evict,1.0,
5024,evict,1.0,
5025,evict,1.0,
5026,evict,1.0,
5027,evict,1.0,
5028,evict,1.0,
5029,evict,1.0,
5030,evict,1.0,
5031,evict,1.0,
5032,evict,1.0,
5033,evict,1.0,
5034,evict,1.0,
5035,evict,1.0,
5036,evict,1.0,
5037,evict,1.0,
5038,evict,1.0,
5039,evict,1.0,
5040,evict,1.0,
5041,evict,1.0,
5042,evict,1.0,
5043,evict,1.0,
5044,evict,1.0,
5045,evict,1.0,
5046,evict,1.0,
5047,evict,1.0,
5048,evict,1.0,
5049,evict,1.0,
5050,evict,1.0,
5051,evict,1.0,
5052,evict,1.0,
5053,evict,1.0,
5054,evict,1.0,
5055,evict,1.0,
5056,evict,1.0,
5057,evict,1.0,
5058,evict,1.0,
5059,evict,1.0,
5060,evict,1.0,
5061,evict,1.0,
5062,evict,1.0,
5063,evict,1.0,
5064,evict,1.0,
5065,evict,1.0,
5066,evict,1.0,
5067,evict,1.0,
5068,evict,1.0,
5069,evict,1.0,
5070,evict,1.0,
5071,evict,1.0,
5072,evict,1.0,
5073,evict,1.0,
5074,evict,1.0,
5075,evict,1.0,
5076,evict,1.0,
5077,evict,1.0,
5078,evict,1.0,
5079,evict,1.0,
5080,evict,1.0,
5081,evict,1.0,
5082,evict,1.0,
5083,evict,1.0,
5084,evict,1.0,
5085,evict,1.0,
5086,evict,1.0,
5087,evict,1.0,
5088,evict,1.0,
5089,evict,1.0,
5090,evict,1.0,
5091,evict,1.0,
5092,evict,1.0,
5093,evict,1.0,
5094,evict,1.0,
5095,evict,1.0,
5096,evict,1.0,
5097,evict,1.0,
5098,evict,1.0,
5099,evict,1.0,
5100,evict,1.0,
5101,evict,1.0,
5102,evict,1.0,
5103,evict,1.0,
5104,evict,1.0,
5105,evict,1.0,
5106,evict,1.0,
5107,evict,1.0,
5108,evict,1.0,
5109,evict,1.0,
5110,evict,1.0,
5111,evict,1.0,
5112,evict,1.0,
5113,evict,1.0,
5114,evict,1.0,
5115,evict,1.0,
5116,evict,1.0,
5117,evict,1.0,
5118,evict,1.0,
5119,evict,1.0,
5120,evict,1.0,
5121,evict,1.0,
5122,evict,1.0,
5123,evict,1.0,
5124,evict,1.0,
5125,evict,1.0,
5126,evict,1.0,
5127,evict,1.0,
5128,evict,1.0,
5129,evict,1.0,
5130,evict,1.0,
5131,evict,1.0,
5132,evict,1.0,
5133,evict,1.0,
5134,evict,1.0,
5135,evict,1.0,
5136,evict,1.0,
5137,evict,1.0,
5138,evict,1.0,
5139,evict,1.0,
5140,evict,1.0,
5141,evict,1.0,
5142,evict,1.0,
5143,evict,1.0,
5144,evict,1.0,
5145,evict,1.0,
5146,evict,1.0,
5147,evict,1.0,
5148,evict,1.0,
5149,evict,1.0,
5150,evict,1.0,
5151,evict,1.0,
5152,evict,1.0,
5153,evict,1.0,
5154,evict,1.0,
5155,evict,1.0,
5156,evict,1.0,
5157,evict,1.0,
5158,evict,1.0,
5159,evict,1.0,
5160,evict,1.0,
5161,evict,1.0,
5162,evict,1.0,
5163,evict,1.0,
5164,evict,1.0,
5165,evict,1.0,
5166,evict,1.0,
5167,evict,1.0,
5168,evict,1.0,
5169,evict,1.0,
5170,evict,1.0,
5171,evict,1.0,
5172,evict,1.0,
5173,evict,1.0,
5174,evict,1.0,
5175,evict,1.0,
5176,evict,1.0,
5177,evict,1.0,
5178,evict,1.0,
5179,evict,1.0,
5180,evict,1.0,
5181,evict,1.0,
5182,evict,1.0,
5183,evict,1.0,
5184,evict,1.0,
5185,evict,1.0,
5186,evict,1.0,
5187,evict,1.0,
5188,evict,1.0,
5189,evict,1.0,
5190,evict,1.0,
5191,evict,1.0,
5192,evict,1.0,
5193,evict,1.0,
5194,evict,1.0,
5195,evict,1.0,
5196,evict,1.0,
5197,evict,1.0,
5198,evict,1.0,
5199,evict,1.0,
5200,evict,1.0,
5201,evict,1.0,
5202,evict,1.0,
5203,evict,1.0,
5204,evict,1.0,
5205,evict,1.0,
5206,evict,1.0,
5207,evict,1.0,
5208,evict,1.0,
5209,evict,1.0,
5210,evict,1.0,
5211,evict,1.0,
5212,evict,1.0,
5213,evict,1.0,
5214,evict,1.0,
5215,evict,1.0,
5216,evict,1.0,
5217,evict,1.0,
5218,evict,1.0,
5219,evict,1.0,
5220,evict,1.0,
5221,evict,1.0,
5222,evict,1.0,
5223,evict,1.0,
5224,evict,1.0,
5225,evict,1.0,
5226,evict,1.0,
5227,evict,1.0,
5228,evict,1.0,
5229,evict,1.0,
5230,evict,1.0,
5231,evict,1.0,
5232,evict,1.0,
5233,evict,1.0,
5234,evict,1.0,
5235,evict,1.0,
5236,evict,1.0,
5237,evict,1.0,
5238,evict,1.0,
5239,evict,1.0,
5240,evict,1.0,
5241,evict,1.0,
5242,evict,1.0,
5243,evict,1.0,
5244,evict,1.0,
5245,evict,1.0,
5246,evict,1.0,
5247,evict,1.0,
5248,evict,1.0,
5249,evict,1.0,
5250,evict,1.0,
5251,evict,1.0,
5252,evict,1.0,
5253,evict,1.0,
5254,evict,1.0,
5255,evict,1.0,
5256,evict,1.0,
5257,evict,1.0,
5258,evict,1.0,
5259,evict,1.0,
5260,evict,1.0,
5261,evict,1.0,
5262,evict,1.0,
5263,evict,1.0,
5264,evict,1.0,
5265,evict,1.0,
5266,evict,1.0,
5267,evict,1.0,
5268,evict,1.0,
5269,evict,1.0,
5270,evict,1.0,
5271,evict,1.0,
5272,evict,1.0,
5273,evict,1.0,
5274,evict,1.0,
5275,evict,1.0,
5276,evict,1.0,
5277,evict,1.0,
5278,evict,1.0,
5279,evict,1.0,
5280,evict,1.0,
5281,evict,1.0,
5282,evict,1.0,
5283,evict,1.0,
5284,evict,1.0,
5285,evict,1.0,
5286,evict,1.0,
5287,evict,1.0,
5288,evict,1.0,
5289,evict,1.0,
5290,evict,1.0,
5291,evict,1.0,
5292,evict,1.0,
5293,evict,1.0,
5294,evict,1.0,
5295,evict,1.0,
5296,evict,1.0,
5297,evict,1.0,
5298,evict,1.0,
5299,evict,1.0,
5300,evict,1.0,
5301,evict,1.0,
5302,evict,1.0,
5303,evict,1.0,
5304,evict,1.0,
5305,evict,1.0,
5306,evict,1.0,
5307,evict,1.0,
5308,evict,1.0,
5309,evict,1.0,
5310,evict,1.0,
5311,evict,1.0,
5312,evict,1.0,
5313,evict,1.0,
5314,evict,1.0,
5315,evict,1.0,
5316,evict,1.0,
5317,evict,1.0,
5318,evict,1.0,
5319,evict,1.0,
5320,evict,1.0,
5321,evict,1.0,
5322,evict,1.0,
5323,evict,1.0,
5324,evict,1.0,
5325,evict,1.0,
5326,evict,1.0,
5327,evict,1.0,
5328,evict,1.0,
5329,evict,1.0,
5330,evict,1.0,
5331,evict,1.0,
5332,evict,1.0,
5333,evict,1.0,
5334,evict,1.0,
5335,evict,1.0,
5336,evict,1.0,
5337,evict,1.0,
5338,evict,1.0,
5339,evict,1.0,
5340,evict,1.0,
5341,evict,1.0,
5342,evict,1.0,
5343,evict,1.0,
5344,evict,1.0,
5345,evict,1.0,
5346,evict,1.0,
5347,evict,1.0,
5348,evict,1.0,
5349,evict,1.0,
5350,evict,1.0,
5351,evict,1.0,
5352,evict,1.0,
5353,evict,1.0,
5354,evict,1.0,
5355,evict,1.0,
5356,evict,1.0,
